7.123601436614990234e-02,1.016473621129989624e-01,-1.445720493793487549e-01,-1.701326295733451843e-02
3.189803287386894226e-02,1.485395133495330811e-01,-1.617337912321090698e-01,-6.136809475719928741e-03
1.976528018712997437e-01,3.077359199523925781e-01,-2.551612555980682373e-01,-2.391680032014846802e-01
1.512531489133834839e-01,2.782471477985382080e-01,-2.137735188007354736e-01,-2.054238170385360718e-01
6.904213875532150269e-02,1.902810484170913696e-01,-2.168718129396438599e-01,-2.926639653742313385e-02
5.131519958376884460e-02,1.415181010961532593e-01,-1.849887371063232422e-01,4.744471050798892975e-03
3.827562090009450912e-03,1.310112923383712769e-01,-1.559474915266036987e-01,3.270630910992622375e-02
1.369627937674522400e-02,1.590126901865005493e-01,-1.971198022365570068e-01,3.690616041421890259e-02
1.933707296848297119e-02,1.172304823994636536e-01,-1.458427608013153076e-01,2.099819108843803406e-02
4.457542672753334045e-02,1.510659456253051758e-01,-1.916880607604980469e-01,9.624630212783813477e-03
1.119223423302173615e-02,1.376398503780364990e-01,-1.844655424356460571e-01,4.752268269658088684e-02
4.656111821532249451e-02,1.759462952613830566e-01,-1.848358660936355591e-01,-2.501650154590606689e-02
1.995307207107543945e-01,3.046709001064300537e-01,-2.448893040418624878e-01,-2.490964680910110474e-01
1.336908638477325439e-01,3.117046356201171875e-01,-2.266284972429275513e-01,-2.097457945346832275e-01
-5.376932770013809204e-02,-4.646288603544235229e-02,-3.611624985933303833e-02,1.456213295459747314e-01
1.987720280885696411e-02,1.777241080999374390e-01,-1.494525074958801270e-01,-3.717915713787078857e-02
3.545375540852546692e-02,1.751251220703125000e-01,-2.031687498092651367e-01,5.689335055649280548e-03
7.934113591909408569e-02,1.179956942796707153e-01,-1.988326311111450195e-01,1.507599279284477234e-02
-3.805251419544219971e-02,9.364565834403038025e-03,-3.237830474972724915e-02,6.935361772775650024e-02
-4.131639003753662109e-02,5.152074620127677917e-02,2.720628306269645691e-02,-2.825337648391723633e-02
-1.542552374303340912e-02,-1.390224043279886246e-02,2.714515849947929382e-02,1.054030284285545349e-02
-6.262766197323799133e-03,1.038615480065345764e-01,-1.368245184421539307e-01,5.099531263113021851e-02
5.749798566102981567e-02,1.340323984622955322e-01,-1.973321884870529175e-01,1.834780350327491760e-02
4.638044163584709167e-02,8.429335057735443115e-02,-1.647294908761978149e-01,4.610311612486839294e-02
-1.624043844640254974e-02,1.492560654878616333e-01,-1.433750391006469727e-01,2.252931334078311920e-02
5.784491077065467834e-02,1.465519964694976807e-01,-2.110117226839065552e-01,2.084179036319255829e-02
5.321782827377319336e-02,1.674377322196960449e-01,-1.801809221506118774e-01,-2.789923362433910370e-02
4.407266527414321899e-02,1.223466247320175171e-01,-1.453165262937545776e-01,-1.030604541301727295e-02
1.366190798580646515e-02,1.800499707460403442e-01,-1.938580274581909180e-01,1.224862411618232727e-02
6.112556532025337219e-02,1.068289875984191895e-01,-1.247835457324981689e-01,-3.281884640455245972e-02
6.186134740710258484e-02,1.099648326635360718e-01,-2.020956575870513916e-01,4.323716089129447937e-02
1.652572304010391235e-02,1.429030746221542358e-01,-1.276039332151412964e-01,-2.118502743542194366e-02
4.753992706537246704e-02,1.122787743806838989e-01,-1.959881037473678589e-01,4.879155009984970093e-02
3.521274775266647339e-02,1.521194279193878174e-01,-1.862257122993469238e-01,1.194829773157835007e-02
5.937072634696960449e-02,1.504994779825210571e-01,-1.738996207714080811e-01,-2.456581592559814453e-02
6.719896942377090454e-02,1.291264593601226807e-01,-1.532797962427139282e-01,-3.192377835512161255e-02
8.070024102926254272e-02,1.891302913427352905e-01,-2.188220918178558350e-01,-3.726029396057128906e-02
6.012604013085365295e-02,1.612241864204406738e-01,-1.994041353464126587e-01,-9.424383752048015594e-03
6.273244321346282959e-02,1.166765987873077393e-01,-1.451750993728637695e-01,-2.357088401913642883e-02
5.315719544887542725e-02,1.356357336044311523e-01,-1.716223359107971191e-01,-5.512352567166090012e-03
2.656801976263523102e-02,1.624583154916763306e-01,-1.722763329744338989e-01,-4.539398476481437683e-03
5.876097828149795532e-02,1.389359980821609497e-01,-1.793224364519119263e-01,-6.235003937035799026e-03
9.529681503772735596e-02,1.550273150205612183e-01,-1.875764727592468262e-01,-5.068256333470344543e-02
2.348755300045013428e-02,1.057308539748191833e-01,-1.358751654624938965e-01,1.790270209312438965e-02
2.771390043199062347e-02,1.649798154830932617e-01,-1.807435452938079834e-01,6.599872140213847160e-04
4.444779828190803528e-02,1.686066836118698120e-01,-1.716310977935791016e-01,-2.953530475497245789e-02
8.971105515956878662e-02,1.520777344703674316e-01,-2.157909870147705078e-01,-1.211488526314496994e-02
2.412880770862102509e-02,1.840987652540206909e-01,-1.686315834522247314e-01,-2.771636657416820526e-02
6.929349899291992188e-02,1.153879761695861816e-01,-1.444732695817947388e-01,-2.903589606285095215e-02
2.797241508960723877e-02,1.285691112279891968e-01,-1.762567758560180664e-01,3.124876692891120911e-02
6.648549437522888184e-02,1.340187788009643555e-01,-1.433925628662109375e-01,-4.585859179496765137e-02
1.145397312939167023e-02,1.521083563566207886e-01,-1.630562394857406616e-01,1.155939511954784393e-02
2.856561727821826935e-02,1.595529466867446899e-01,-1.801032871007919312e-01,4.031874239444732666e-03
8.289322257041931152e-02,8.718203753232955933e-02,-1.564144045114517212e-01,-2.151492983102798462e-03
8.179193735122680664e-02,1.447521597146987915e-01,-1.800971776247024536e-01,-3.568213060498237610e-02
-3.785048425197601318e-02,-3.985400497913360596e-02,-1.061739549040794373e-01,1.910975873470306396e-01
6.842072308063507080e-02,1.560743898153305054e-01,-2.071424722671508789e-01,-4.226382821798324585e-03
8.960185199975967407e-02,1.154565140604972839e-01,-1.563703566789627075e-01,-3.786237910389900208e-02
1.114208847284317017e-01,2.399493008852005005e-01,-2.185781300067901611e-01,-1.208879277110099792e-01
1.425014622509479523e-02,1.957553476095199585e-01,-2.092983275651931763e-01,1.270158775150775909e-02
1.141261123120784760e-02,1.388000696897506714e-01,-1.318045258522033691e-01,-7.178838830441236496e-03
4.974512755870819092e-02,1.765210032463073730e-01,-2.096593976020812988e-01,-2.747275168076157570e-03
2.399577200412750244e-02,1.467611044645309448e-01,-1.502441763877868652e-01,-1.022359821945428848e-02
1.778158359229564667e-02,1.917998641729354858e-01,-1.677218228578567505e-01,-3.055954910814762115e-02
-1.959574781358242035e-02,3.952347114682197571e-02,-1.459748148918151855e-01,1.360860466957092285e-01
1.051676645874977112e-01,1.238377466797828674e-01,-1.676568388938903809e-01,-4.973863065242767334e-02
7.713267207145690918e-02,7.995519042015075684e-02,-1.097449138760566711e-01,-3.726484254002571106e-02
7.608547806739807129e-02,1.024075523018836975e-01,-1.577569842338562012e-01,-8.555537089705467224e-03
2.116657979786396027e-02,1.552062332630157471e-01,-1.682454198598861694e-01,4.213881213217973709e-03
1.829277165234088898e-02,1.383135616779327393e-01,-1.170541122555732727e-01,-2.912803553044795990e-02
4.499314725399017334e-02,1.356649547815322876e-01,-1.808157116174697876e-01,1.364979147911071777e-02
2.974777854979038239e-02,1.153377965092658997e-01,-1.681104004383087158e-01,3.592892736196517944e-02
3.833106532692909241e-02,1.491793841123580933e-01,-2.136275172233581543e-01,4.001312330365180969e-02
-1.209577620029449463e-01,4.084690660238265991e-02,-1.240548714995384216e-01,2.131954431533813477e-01
3.853857144713401794e-02,1.415060460567474365e-01,-1.989462375640869141e-01,3.174925595521926880e-02
-2.131475368514657021e-03,1.592126637697219849e-01,-1.677303165197372437e-01,2.276671491563320160e-02
7.385141402482986450e-02,1.064426824450492859e-01,-1.748417168855667114e-01,7.456812076270580292e-03
7.661784440279006958e-02,8.464280515909194946e-02,-2.102380394935607910e-01,6.273544579744338989e-02
6.787551939487457275e-02,1.109785288572311401e-01,-1.678641140460968018e-01,2.051767427474260330e-03
4.461127892136573792e-02,8.353372663259506226e-02,-1.835717409849166870e-01,6.818312406539916992e-02
1.897543855011463165e-02,1.162329018115997314e-01,-1.588766425848007202e-01,3.575021028518676758e-02
2.204792387783527374e-02,8.522813767194747925e-02,-1.312679499387741089e-01,3.512949123978614807e-02
4.036955907940864563e-02,1.357928514480590820e-01,-1.785334348678588867e-01,1.354987453669309616e-02
-4.350871779024600983e-03,1.106576025485992432e-01,-1.672290712594985962e-01,7.338102906942367554e-02
7.270748168230056763e-02,8.192611485719680786e-02,-2.012683302164077759e-01,6.000542640686035156e-02
3.021540306508541107e-02,1.068074032664299011e-01,-1.602052152156829834e-01,3.502303361892700195e-02
2.413571998476982117e-02,1.422430425882339478e-01,-1.943807154893875122e-01,4.079841449856758118e-02
3.272084891796112061e-02,1.664682030677795410e-01,-1.564549952745437622e-01,-3.123230859637260437e-02
9.027604013681411743e-03,1.241804435849189758e-01,-1.255555599927902222e-01,2.772607374936342239e-03
7.466063648462295532e-02,7.416428625583648682e-02,-1.428737044334411621e-01,5.516115110367536545e-03
-1.464329957962036133e-01,2.407657057046890259e-01,-1.317950934171676636e-01,4.654568433761596680e-02
-2.341285347938537598e-01,4.278779029846191406e-01,-1.747020781040191650e-01,-2.701308764517307281e-02
-2.203542292118072510e-01,4.320858120918273926e-01,-1.468181908130645752e-01,-7.470441609621047974e-02
-1.986928880214691162e-01,4.341641366481781006e-01,-1.453123539686203003e-01,-1.010579243302345276e-01
-1.380490958690643311e-01,2.606786489486694336e-01,-1.595206409692764282e-01,4.561908915638923645e-02
3.498345986008644104e-02,1.187805905938148499e-01,-1.471134424209594727e-01,6.004252936691045761e-03
6.394492089748382568e-02,1.132732704281806946e-01,-1.516449302434921265e-01,-1.437938865274190903e-02
8.941462635993957520e-02,1.092429161071777344e-01,-1.800578683614730835e-01,-6.329719908535480499e-03
5.268693715333938599e-02,1.188707351684570312e-01,-1.867316514253616333e-01,2.849399670958518982e-02
8.982419967651367188e-02,1.055878773331642151e-01,-1.680171638727188110e-01,-1.600055024027824402e-02
5.769222974777221680e-02,1.370676606893539429e-01,-1.766090393066406250e-01,-5.576857831329107285e-03
8.181750774383544922e-03,1.089326292276382446e-01,-1.566688269376754761e-01,5.110944062471389771e-02
7.561711966991424561e-02,8.004781603813171387e-02,-1.431258767843246460e-01,-8.009371813386678696e-04
4.866932705044746399e-02,1.260560452938079834e-01,-1.443846970796585083e-01,-1.847903616726398468e-02
5.640187859535217285e-02,1.047724857926368713e-01,-1.849668771028518677e-01,3.759223967790603638e-02
6.696894019842147827e-02,1.206066310405731201e-01,-1.927751302719116211e-01,1.910236291587352753e-02
6.769905239343643188e-02,1.302475333213806152e-01,-1.569404900074005127e-01,-2.940829843282699585e-02
2.237916737794876099e-02,1.210454702377319336e-01,-1.504212915897369385e-01,1.960288546979427338e-02
7.859284430742263794e-02,1.218755394220352173e-01,-2.063698768615722656e-01,1.945929974317550659e-02
1.560700405389070511e-02,1.519490778446197510e-01,-1.702463328838348389e-01,1.463812123984098434e-02
3.357010893523693085e-03,3.645235896110534668e-01,-1.644101738929748535e-01,-2.028463035821914673e-01
2.282486855983734131e-02,3.471199274063110352e-01,-2.103659659624099731e-01,-1.560750007629394531e-01
1.169020775705575943e-02,3.235015869140625000e-01,-1.762460917234420776e-01,-1.546436697244644165e-01
-1.301868911832571030e-02,4.093011915683746338e-01,-2.171446681022644043e-01,-1.847408264875411987e-01
6.439258158206939697e-02,3.402604162693023682e-01,-1.819312423467636108e-01,-2.183525860309600830e-01
5.250401049852371216e-02,3.785398006439208984e-01,-2.198635190725326538e-01,-2.090453505516052246e-01
-5.891149863600730896e-03,3.486581146717071533e-01,-1.530514508485794067e-01,-1.881796419620513916e-01
3.663290292024612427e-02,3.758123517036437988e-01,-2.233271300792694092e-01,-1.888645589351654053e-01
-7.389480713754892349e-03,3.529748320579528809e-01,-1.729079335927963257e-01,-1.715880781412124634e-01
5.312503501772880554e-02,3.896088600158691406e-01,-2.473278790712356567e-01,-1.946405768394470215e-01
2.016347460448741913e-02,3.367728590965270996e-01,-1.829212456941604614e-01,-1.700911074876785278e-01
5.842171609401702881e-02,3.289554119110107422e-01,-2.246438115835189819e-01,-1.566449254751205444e-01
-1.076227985322475433e-02,3.879079520702362061e-01,-1.740097701549530029e-01,-2.049941718578338623e-01
1.817292161285877228e-02,3.621982336044311523e-01,-1.979600638151168823e-01,-1.823889315128326416e-01
4.492982476949691772e-02,3.449699282646179199e-01,-2.035767734050750732e-01,-1.832024902105331421e-01
-4.771451652050018311e-02,2.891543805599212646e-01,-1.572124063968658447e-01,-7.868171483278274536e-02
4.378111660480499268e-02,3.823485672473907471e-01,-2.436824142932891846e-01,-1.809882521629333496e-01
-3.346991166472434998e-02,3.748787045478820801e-01,-1.698189228773117065e-01,-1.732845306396484375e-01
-1.944940909743309021e-02,3.518013954162597656e-01,-1.487265676259994507e-01,-1.827668547630310059e-01
1.657351292669773102e-02,3.939889967441558838e-01,-1.902875304222106934e-01,-2.220460921525955200e-01
-1.008464395999908447e-02,3.970413506031036377e-01,-2.010687887668609619e-01,-1.895629763603210449e-01
1.105912588536739349e-02,3.245105743408203125e-01,-1.759361028671264648e-01,-1.551619768142700195e-01
-1.208548098802566528e-01,3.292997181415557861e-01,-1.158626154065132141e-01,-9.009150415658950806e-02
4.654588177800178528e-03,3.867110311985015869e-01,-1.989293098449707031e-01,-1.939096152782440186e-01
-8.848941326141357422e-02,1.542304083704948425e-02,-1.086060237139463425e-02,9.410332888364791870e-02
-8.331130445003509521e-02,4.341572523117065430e-01,-1.977978348731994629e-01,-1.643781065940856934e-01
-1.299594938755035400e-01,5.252685546875000000e-01,-1.840160191059112549e-01,-2.449058145284652710e-01
-1.447773426771163940e-01,5.370479226112365723e-01,-2.068412750959396362e-01,-2.234802246093750000e-01
-5.702268704771995544e-02,5.010621547698974609e-01,-2.523686885833740234e-01,-2.156879007816314697e-01
-5.917991325259208679e-02,3.611319363117218018e-01,-1.781654059886932373e-01,-1.247510164976119995e-01
-5.548013746738433838e-02,4.039684236049652100e-01,-1.967955529689788818e-01,-1.571065187454223633e-01
-4.896047711372375488e-02,3.681076169013977051e-01,-1.686741560697555542e-01,-1.512143462896347046e-01
2.038381062448024750e-02,3.357482254505157471e-01,-2.009763270616531372e-01,-1.508836448192596436e-01
-7.427088916301727295e-03,3.755301237106323242e-01,-1.764497905969619751e-01,-1.932753324508666992e-01
4.268610104918479919e-02,3.829978108406066895e-01,-2.291574329137802124e-01,-1.958430558443069458e-01
3.505799174308776855e-02,3.759301602840423584e-01,-2.412878572940826416e-01,-1.677019298076629639e-01
-5.055010784417390823e-03,3.587260842323303223e-01,-1.480194777250289917e-01,-2.055369317531585693e-01
1.353124994784593582e-02,2.918652892112731934e-01,-1.321742236614227295e-01,-1.671642959117889404e-01
-4.635854158550500870e-03,4.008556604385375977e-01,-1.688173562288284302e-01,-2.313911914825439453e-01
2.994220145046710968e-02,3.592384159564971924e-01,-2.071321010589599609e-01,-1.807046383619308472e-01
-6.017930805683135986e-03,3.771875798702239990e-01,-1.909695267677307129e-01,-1.820685565471649170e-01
1.329430472105741501e-02,4.022752940654754639e-01,-2.548798024654388428e-01,-1.622506678104400635e-01
2.626509591937065125e-02,3.432766199111938477e-01,-2.092637866735458374e-01,-1.563740968704223633e-01
-1.726156286895275116e-02,4.269346594810485840e-01,-2.314350306987762451e-01,-1.860033869743347168e-01
-2.557651139795780182e-02,4.321115911006927490e-01,-2.219619452953338623e-01,-1.933727711439132690e-01
-9.862911887466907501e-03,3.566150069236755371e-01,-2.137027680873870850e-01,-1.318356394767761230e-01
2.487503737211227417e-02,3.677688241004943848e-01,-1.658781021833419800e-01,-2.260964661836624146e-01
9.645907208323478699e-03,3.278480172157287598e-01,-1.763556748628616333e-01,-1.565037518739700317e-01
2.590602822601795197e-02,3.873691260814666748e-01,-2.125972509384155273e-01,-2.019727677106857300e-01
-1.144307665526866913e-02,3.514688014984130859e-01,-1.903862059116363525e-01,-1.481194198131561279e-01
2.718203235417604446e-03,3.240583539009094238e-01,-1.829154938459396362e-01,-1.396823376417160034e-01
-5.221049301326274872e-03,3.719995021820068359e-01,-1.646223068237304688e-01,-2.029024660587310791e-01
-4.931294824928045273e-03,3.428514003753662109e-01,-1.514988541603088379e-01,-1.841984987258911133e-01
-7.844638824462890625e-02,3.359013497829437256e-01,-1.481875926256179810e-01,-1.075612306594848633e-01
1.563226990401744843e-02,3.829080760478973389e-01,-2.260620594024658203e-01,-1.733124256134033203e-01
2.682140842080116272e-02,3.734541833400726318e-01,-1.804791539907455444e-01,-2.182837128639221191e-01
3.381017223000526428e-02,3.734603524208068848e-01,-1.849391311407089233e-01,-2.210796475410461426e-01
4.921543225646018982e-02,3.878632187843322754e-01,-1.958236992359161377e-01,-2.408869862556457520e-01
-1.329964213073253632e-02,3.524777293205261230e-01,-2.025494277477264404e-01,-1.355713903903961182e-01
-2.395753515884280205e-03,4.017151892185211182e-01,-2.432742118835449219e-01,-1.591811925172805786e-01
5.359588190913200378e-02,3.511548936367034912e-01,-2.378712147474288940e-01,-1.626305729150772095e-01
6.196158379316329956e-02,3.406125605106353760e-01,-2.230602353811264038e-01,-1.745822131633758545e-01
2.562681213021278381e-02,3.581788539886474609e-01,-1.857945173978805542e-01,-1.960624158382415771e-01
9.914705529808998108e-03,3.156775236129760742e-01,-1.826192736625671387e-01,-1.372419297695159912e-01
-1.352457329630851746e-02,3.896572887897491455e-01,-1.987915933132171631e-01,-1.807734668254852295e-01
1.182648632675409317e-02,3.533402383327484131e-01,-1.635151207447052002e-01,-1.997303217649459839e-01
2.470332011580467224e-02,3.780988752841949463e-01,-2.263319194316864014e-01,-1.759589612483978271e-01
-1.357615441083908081e-01,-2.140546143054962158e-01,8.234728127717971802e-03,3.397406935691833496e-01
4.586732015013694763e-02,3.621851503849029541e-01,-1.957014054059982300e-01,-2.108472138643264771e-01
-3.178135305643081665e-02,4.465349316596984863e-01,-1.673429161310195923e-01,-2.587822973728179932e-01
3.524617850780487061e-02,3.611549437046051025e-01,-1.959295570850372314e-01,-1.974096298217773438e-01
2.413228154182434082e-02,3.796871602535247803e-01,-1.751054823398590088e-01,-2.284894585609436035e-01
3.438152000308036804e-02,3.550865352153778076e-01,-1.945301443338394165e-01,-1.932573318481445312e-01
-4.365023691207170486e-03,2.804095447063446045e-01,-1.394889503717422485e-01,-1.292949169874191284e-01
-9.127386659383773804e-02,2.674182653427124023e-01,-1.148667484521865845e-01,-5.393725261092185974e-02
5.345201864838600159e-02,3.530123531818389893e-01,-1.712180972099304199e-01,-2.314033508300781250e-01
1.633761450648307800e-02,3.777192831039428711e-01,-1.745487004518508911e-01,-2.189743816852569580e-01
4.563613608479499817e-02,3.220428228378295898e-01,-1.979071646928787231e-01,-1.635263562202453613e-01
1.204319950193166733e-02,2.391446530818939209e-01,-1.878426671028137207e-01,-5.279873684048652649e-02
-1.477744523435831070e-02,3.397078514099121094e-01,-1.504531949758529663e-01,-1.724734306335449219e-01
-3.176535665988922119e-02,3.278356790542602539e-01,-1.661485433578491211e-01,-1.265291124582290649e-01
1.595013588666915894e-02,3.843548595905303955e-01,-1.852164417505264282e-01,-2.150880098342895508e-01
1.982400938868522644e-02,3.352997899055480957e-01,-1.715537756681442261e-01,-1.810283511877059937e-01
-9.347670711576938629e-03,3.804101943969726562e-01,-1.881539374589920044e-01,-1.851815432310104370e-01
3.172316774725914001e-02,3.536958992481231689e-01,-1.903289556503295898e-01,-1.916753351688385010e-01
-1.351160812191665173e-03,3.510620594024658203e-01,-1.741101592779159546e-01,-1.735158115625381470e-01
-5.646277684718370438e-03,3.806976377964019775e-01,-2.381345331668853760e-01,-1.370919793844223022e-01
2.112827962264418602e-03,4.035698175430297852e-01,-1.843645721673965454e-01,-2.255025953054428101e-01
7.834815979003906250e-02,3.328557908535003662e-01,-1.897027641534805298e-01,-2.160778790712356567e-01
-2.852274337783455849e-03,3.944423496723175049e-01,-1.874530911445617676e-01,-2.073756903409957886e-01
-1.675350777804851532e-02,3.644353449344635010e-01,-1.990243345499038696e-01,-1.484207957983016968e-01
1.060659065842628479e-03,3.775984942913055420e-01,-2.004952579736709595e-01,-1.788555681705474854e-01
-4.085666313767433167e-02,4.104047715663909912e-01,-2.157019674777984619e-01,-1.593910455703735352e-01
3.408823907375335693e-02,3.985170423984527588e-01,-2.257218658924102783e-01,-2.093650996685028076e-01
5.673658102750778198e-03,3.997544646263122559e-01,-2.259312421083450317e-01,-1.825437396764755249e-01
-9.217814356088638306e-02,1.785937994718551636e-01,7.352846115827560425e-02,-1.505564153194427490e-01
-8.438406139612197876e-02,1.979656815528869629e-01,3.028323315083980560e-02,-1.352952867746353149e-01
4.319463670253753662e-02,4.441218972206115723e-01,-2.581260502338409424e-01,-2.366504818201065063e-01
-9.801772236824035645e-02,3.712549209594726562e-01,-1.643824130296707153e-01,-1.110771670937538147e-01
-1.734456233680248260e-02,4.099338948726654053e-01,-2.173128724098205566e-01,-1.816965788602828979e-01
-2.161494269967079163e-02,3.381738662719726562e-01,-1.673471629619598389e-01,-1.467321515083312988e-01
-2.412774972617626190e-02,4.181736409664154053e-01,-2.105428576469421387e-01,-1.905062645673751831e-01
5.538171157240867615e-03,3.889362514019012451e-01,-2.205278277397155762e-01,-1.749776750802993774e-01
-9.710943326354026794e-03,3.548057675361633301e-01,-1.822977215051651001e-01,-1.615890562534332275e-01
2.528939023613929749e-02,3.709098398685455322e-01,-2.023431658744812012e-01,-1.940121799707412720e-01
8.254881948232650757e-03,3.733312487602233887e-01,-2.164118736982345581e-01,-1.650844812393188477e-01
-2.730003558099269867e-02,3.780922591686248779e-01,-2.057860940694808960e-01,-1.462128460407257080e-01
2.916459366679191589e-02,3.555096387863159180e-01,-1.775580942630767822e-01,-2.041100859642028809e-01
-1.032767351716756821e-02,3.822103142738342285e-01,-1.757751405239105225e-01,-1.975017786026000977e-01
5.281037837266921997e-02,3.492640256881713867e-01,-2.447320669889450073e-01,-1.521650254726409912e-01
3.332543373107910156e-02,-3.340006992220878601e-02,7.448423653841018677e-02,-6.716565787792205811e-02
2.881473600864410400e-01,1.721917986869812012e-01,-2.265750318765640259e-01,-2.259352505207061768e-01
4.388438537716865540e-02,-9.155480563640594482e-02,1.262480579316616058e-02,4.267568886280059814e-02
-1.819052398204803467e-01,-1.926149576902389526e-01,4.029658734798431396e-01,-4.422710835933685303e-02
2.219418436288833618e-01,-9.754518046975135803e-03,4.733918234705924988e-03,-2.101664990186691284e-01
-1.632070988416671753e-01,-2.761843502521514893e-01,4.349818229675292969e-01,-1.478360034525394440e-02
-1.982148736715316772e-01,5.121069774031639099e-02,2.057265937328338623e-01,-5.128676071763038635e-02
-1.640051454305648804e-01,1.771763153374195099e-02,2.520206570625305176e-01,-1.027714237570762634e-01
-1.615940034389495850e-01,5.247120857238769531e-01,-1.873670220375061035e-01,-2.109708189964294434e-01
2.696684002876281738e-01,2.037871330976486206e-01,-2.194246351718902588e-01,-2.427784353494644165e-01
-1.573137044906616211e-01,-1.595393121242523193e-01,3.286836445331573486e-01,-1.650184206664562225e-02
-2.399108111858367920e-01,-2.510175704956054688e-01,4.497985243797302246e-01,1.926822029054164886e-02
1.960110217332839966e-01,7.402189075946807861e-02,-5.294827371835708618e-02,-2.082192003726959229e-01
5.282019823789596558e-02,-2.517239563167095184e-02,9.169228374958038330e-02,-1.118986085057258606e-01
8.777065575122833252e-02,-4.778948053717613220e-02,9.154951572418212891e-02,-1.248916462063789368e-01
5.951423943042755127e-02,-5.049507692456245422e-02,8.023562282323837280e-02,-8.177895843982696533e-02
5.116347596049308777e-02,-1.928373984992504120e-02,6.842766702175140381e-02,-9.252645075321197510e-02
3.177018165588378906e-01,1.779707819223403931e-01,-2.486711293458938599e-01,-2.380331903696060181e-01
3.308765590190887451e-01,1.590932458639144897e-01,-2.040798366069793701e-01,-2.792318761348724365e-01
2.802294492721557617e-02,-4.115758091211318970e-02,1.164962425827980042e-01,-9.623384475708007812e-02
7.050113379955291748e-02,-2.481522271409630775e-03,9.611205756664276123e-02,-1.557896733283996582e-01
2.405445789918303490e-03,-2.124441228806972504e-02,1.421121209859848022e-01,-1.159977465867996216e-01
9.293031692504882812e-02,-1.519872900098562241e-02,9.958438575267791748e-02,-1.687265038490295410e-01
6.047588214278221130e-02,-4.138417914509773254e-02,1.012325882911682129e-01,-1.118163615465164185e-01
6.627587974071502686e-02,-7.652594894170761108e-02,1.529581099748611450e-01,-1.362715661525726318e-01
6.545147299766540527e-02,-2.281310595571994781e-02,1.381744891405105591e-01,-1.726220995187759399e-01
6.041113659739494324e-02,-1.514492370188236237e-02,8.306788653135299683e-02,-1.197886541485786438e-01
8.597943931818008423e-02,-7.158197462558746338e-02,8.178728073835372925e-02,-8.948375284671783447e-02
6.025915592908859253e-02,-1.979476213455200195e-02,8.959434181451797485e-02,-1.209722980856895447e-01
-2.071812450885772705e-01,-2.495002448558807373e-01,4.241282045841217041e-01,1.424846332520246506e-02
-2.545220255851745605e-01,-2.591890394687652588e-01,4.478975534439086914e-01,4.701767489314079285e-02
-9.645190834999084473e-02,-1.423776596784591675e-01,2.528223991394042969e-01,-1.230282802134752274e-02
8.949116617441177368e-02,-2.033620141446590424e-02,9.260931611061096191e-02,-1.536175608634948730e-01
4.668686538934707642e-02,-6.134423986077308655e-02,1.334016174077987671e-01,-1.117843464016914368e-01
9.111434221267700195e-02,-6.517769396305084229e-02,7.274884730577468872e-02,-9.094697982072830200e-02
9.186869859695434570e-02,-4.010364040732383728e-02,8.085720986127853394e-02,-1.258361488580703735e-01
5.644656345248222351e-02,-5.448626726865768433e-02,1.446768939495086670e-01,-1.401113718748092651e-01
5.015410855412483215e-02,-5.681225657463073730e-02,8.024119585752487183e-02,-6.677660346031188965e-02
5.154564231634140015e-02,-1.205476745963096619e-02,8.803541213274002075e-02,-1.199074238538742065e-01
-2.267007529735565186e-02,-9.566622972488403320e-02,1.773921847343444824e-01,-5.438111349940299988e-02
8.033859729766845703e-02,-3.031668951734900475e-03,6.827056407928466797e-02,-1.368551701307296753e-01
8.863211423158645630e-02,-1.572711579501628876e-02,1.039156913757324219e-01,-1.679989397525787354e-01
7.273620367050170898e-02,-4.199767112731933594e-02,1.129658371210098267e-01,-1.366138756275177002e-01
1.634992659091949463e-02,-3.877436742186546326e-02,1.423705369234085083e-01,-1.134789139032363892e-01
9.931390732526779175e-02,-7.665242254734039307e-02,1.148006021976470947e-01,-1.309300661087036133e-01
1.849447637796401978e-01,6.954025477170944214e-02,-7.710716873407363892e-02,-1.694741100072860718e-01
2.625960409641265869e-01,1.252989321947097778e-01,-1.935926824808120728e-01,-1.865946799516677856e-01
-2.161093987524509430e-03,-8.740028738975524902e-02,2.608153223991394043e-02,7.207933813333511353e-02
-7.755068130791187286e-03,-1.018142029643058777e-01,4.199785739183425903e-02,7.560946047306060791e-02
7.818000018596649170e-02,-9.212545305490493774e-02,7.060606777667999268e-02,-4.919285327196121216e-02
6.186236441135406494e-02,-5.737200379371643066e-03,7.393942028284072876e-02,-1.218907609581947327e-01
1.248865351080894470e-01,-8.073930442333221436e-02,7.145447283983230591e-02,-1.091812476515769958e-01
9.261794388294219971e-02,-3.513343632221221924e-02,5.994860455393791199e-02,-1.090659722685813904e-01
9.831607341766357422e-02,-9.039971977472305298e-02,1.259860396385192871e-01,-1.274469941854476929e-01
4.779572784900665283e-02,-3.670293465256690979e-02,1.034498661756515503e-01,-1.060935333371162415e-01
3.839019685983657837e-02,-4.862394928932189941e-02,7.792433351278305054e-02,-6.093676760792732239e-02
1.747815683484077454e-02,2.651805989444255829e-02,1.054545119404792786e-01,-1.414341628551483154e-01
-2.290412187576293945e-01,1.272944509983062744e-01,1.624436229467391968e-01,-4.951961338520050049e-02
-1.981028616428375244e-01,9.021276235580444336e-02,1.631963253021240234e-01,-4.563885927200317383e-02
-1.549134403467178345e-01,8.956108242273330688e-02,1.297062039375305176e-01,-5.530028790235519409e-02
-8.161894977092742920e-02,-1.862197968875989318e-04,1.582455188035964966e-01,-6.944046914577484131e-02
5.772724375128746033e-02,-6.808153120800852776e-04,8.337281644344329834e-02,-1.325291246175765991e-01
9.001544862985610962e-02,-1.139502320438623428e-02,5.873052030801773071e-02,-1.283367872238159180e-01
7.654968649148941040e-02,-7.795037236064672470e-03,1.014349758625030518e-01,-1.617965251207351685e-01
4.369257017970085144e-02,-7.838129997253417969e-02,1.274840980768203735e-01,-8.597603440284729004e-02
6.457721441984176636e-02,-5.630755051970481873e-02,1.047610864043235779e-01,-1.063997596502304077e-01
5.140440165996551514e-02,9.804161265492439270e-03,5.958976596593856812e-02,-1.122954115271568298e-01
4.416081309318542480e-02,-2.040223963558673859e-02,8.999042212963104248e-02,-1.057996824383735657e-01
1.174969226121902466e-01,-5.934015288949012756e-02,9.546964615583419800e-02,-1.468918919563293457e-01
5.064736679196357727e-02,-6.227621063590049744e-02,1.226175948977470398e-01,-1.043025702238082886e-01
8.581236749887466431e-02,-5.202381312847137451e-02,6.882697343826293945e-02,-9.478615224361419678e-02
5.754407867789268494e-02,-1.941949501633644104e-02,8.332118391990661621e-02,-1.148373857140541077e-01
1.209887042641639709e-01,6.278506480157375336e-03,2.369669638574123383e-02,-1.423682868480682373e-01
9.600347280502319336e-02,-7.088965177536010742e-02,1.194906979799270630e-01,-1.381937712430953979e-01
7.625152915716171265e-02,-6.554838269948959351e-02,1.302285641431808472e-01,-1.347849369049072266e-01
4.262019321322441101e-02,-5.043757706880569458e-02,1.454737037420272827e-01,-1.313021332025527954e-01
9.002424776554107666e-02,-3.186945244669914246e-02,7.583634555339813232e-02,-1.270006895065307617e-01
9.694314748048782349e-02,-2.479278855025768280e-02,7.278285175561904907e-02,-1.366214901208877563e-01
9.335856884717941284e-02,-5.109671130776405334e-02,7.052727043628692627e-02,-1.052040755748748779e-01
5.622619763016700745e-02,-6.734564900398254395e-02,1.385293453931808472e-01,-1.218024715781211853e-01
6.723178923130035400e-02,-1.554477121680974960e-02,5.706554651260375977e-02,-1.003184020519256592e-01
3.640472888946533203e-02,-8.178410679101943970e-02,1.704240441322326660e-01,-1.198622137308120728e-01
9.551539272069931030e-02,-8.236177265644073486e-02,1.350648701190948486e-01,-1.418117731809616089e-01
1.088217049837112427e-01,-3.438621014356613159e-02,1.065046712756156921e-01,-1.731000840663909912e-01
6.786480545997619629e-02,-9.498231858015060425e-02,1.387251168489456177e-01,-1.052767559885978699e-01
8.083391189575195312e-02,-7.930854707956314087e-02,1.188084408640861511e-01,-1.132881268858909607e-01
1.046402677893638611e-01,-6.734404712915420532e-02,1.117934584617614746e-01,-1.420220881700515747e-01
5.071640759706497192e-02,-3.156029805541038513e-02,9.358039498329162598e-02,-1.050668582320213318e-01
1.285972744226455688e-01,3.752294555306434631e-02,-1.311497986316680908e-01,-2.534081973135471344e-02
1.380781531333923340e-01,8.952834457159042358e-02,-5.366944149136543274e-02,-1.641189604997634888e-01
3.404572904109954834e-01,2.098031193017959595e-01,-2.760838270187377930e-01,-2.654044032096862793e-01
3.347507119178771973e-01,1.530770063400268555e-01,-2.715213298797607422e-01,-2.092435061931610107e-01
8.061511069536209106e-02,-6.570438295602798462e-02,1.249506324529647827e-01,-1.335286498069763184e-01
1.031077280640602112e-01,-5.381462350487709045e-02,8.338356018066406250e-02,-1.256744861602783203e-01
2.897490859031677246e-01,1.652074158191680908e-01,-2.253783494234085083e-01,-2.202806323766708374e-01
3.476711511611938477e-01,1.747990697622299194e-01,-2.530874609947204590e-01,-2.634013891220092773e-01
2.925781607627868652e-01,1.519828587770462036e-01,-2.172384113073348999e-01,-2.184698879718780518e-01
6.968826800584793091e-02,-2.086405828595161438e-02,7.391063123941421509e-02,-1.153090447187423706e-01
8.411917835474014282e-02,-1.470742654055356979e-02,6.216090917587280273e-02,-1.227195858955383301e-01
4.352670907974243164e-02,-3.776626661419868469e-02,1.172247081995010376e-01,-1.162194907665252686e-01
3.580409288406372070e-02,-5.745988711714744568e-02,1.490861028432846069e-01,-1.205518096685409546e-01
-1.668403297662734985e-01,-2.668327689170837402e-01,4.376387298107147217e-01,-2.460804581642150879e-02
-2.259903401136398315e-01,-2.723722159862518311e-01,4.750762581825256348e-01,-4.605990368872880936e-03
-2.066154628992080688e-01,-2.962610721588134766e-01,4.646581709384918213e-01,1.483822241425514221e-02
-1.399016100913286209e-02,-8.548830519430339336e-04,1.376704424619674683e-01,-1.150664687156677246e-01
7.543289661407470703e-02,-5.053168162703514099e-02,1.114240661263465881e-01,-1.301530152559280396e-01
6.951945275068283081e-02,-1.042920444160699844e-02,1.001168414950370789e-01,-1.511770933866500854e-01
9.794086962938308716e-02,-7.376763969659805298e-02,9.680744260549545288e-02,-1.147984042763710022e-01
5.385300144553184509e-02,-1.009942367672920227e-01,1.379860937595367432e-01,-8.472109586000442505e-02
4.221461713314056396e-02,4.758340306580066681e-03,6.169762462377548218e-02,-1.002711057662963867e-01
-2.311469018459320068e-01,1.650180816650390625e-01,3.029235601425170898e-01,-2.309015840291976929e-01
-2.345377951860427856e-01,2.168024927377700806e-01,2.782529890537261963e-01,-2.518728673458099365e-01
-2.137245684862136841e-01,2.044544368982315063e-01,2.511532604694366455e-01,-2.335544228553771973e-01
-1.732211261987686157e-01,1.251498758792877197e-01,3.070702552795410156e-01,-2.544075250625610352e-01
-2.213694006204605103e-01,1.905989348888397217e-01,2.807032167911529541e-01,-2.428224831819534302e-01
-2.485695481300354004e-01,1.582353413105010986e-01,3.001539409160614014e-01,-2.038498818874359131e-01
-1.927085965871810913e-01,1.978962272405624390e-01,2.570295035839080811e-01,-2.546927928924560547e-01
-2.033833265304565430e-01,2.093053311109542847e-01,2.294614762067794800e-01,-2.258999198675155640e-01
-2.398793548345565796e-01,2.220853716135025024e-01,2.878617942333221436e-01,-2.614002525806427002e-01
-2.218622714281082153e-01,1.600627154111862183e-01,3.211690485477447510e-01,-2.552802264690399170e-01
-2.198890596628189087e-01,1.628861576318740845e-01,2.960752546787261963e-01,-2.336489260196685791e-01
-2.133603543043136597e-01,1.954956501722335815e-01,2.213430404663085938e-01,-1.946753859519958496e-01
-1.784086972475051880e-01,1.952974647283554077e-01,2.607829868793487549e-01,-2.680594921112060547e-01
-1.754071712493896484e-01,2.227469384670257568e-01,1.970360875129699707e-01,-2.348136603832244873e-01
-2.072271108627319336e-01,2.079979479312896729e-01,2.591115236282348633e-01,-2.511963844299316406e-01
-2.054673582315444946e-01,1.856597512960433960e-01,2.510158419609069824e-01,-2.225314229726791382e-01
-2.048630714416503906e-01,2.357046902179718018e-01,2.676335871219635010e-01,-2.885916233062744141e-01
-1.813808381557464600e-01,2.187260389328002930e-01,2.327123731374740601e-01,-2.609186470508575439e-01
-2.390136122703552246e-01,2.105809003114700317e-01,2.757253348827362061e-01,-2.392785847187042236e-01
-1.582990586757659912e-01,1.934233307838439941e-01,2.490448653697967529e-01,-2.746197581291198730e-01
-1.969496160745620728e-01,1.964433342218399048e-01,2.378751784563064575e-01,-2.287871390581130981e-01
-1.933080852031707764e-01,2.071667760610580444e-01,2.601882219314575195e-01,-2.648445665836334229e-01
-1.878974288702011108e-01,2.320543974637985229e-01,2.494959682226181030e-01,-2.829881608486175537e-01
-1.809092462062835693e-01,1.520479917526245117e-01,2.502786517143249512e-01,-2.132430076599121094e-01
-1.614869087934494019e-01,1.511044055223464966e-01,2.850333452224731445e-01,-2.677720487117767334e-01
-2.300123125314712524e-01,2.225776612758636475e-01,2.210650742053985596e-01,-2.051285505294799805e-01
-2.005748450756072998e-01,1.771373599767684937e-01,2.578889429569244385e-01,-2.276246547698974609e-01
-1.946435421705245972e-01,2.409330159425735474e-01,1.955031454563140869e-01,-2.315203696489334106e-01
-1.700621843338012695e-01,2.342720776796340942e-01,2.173947691917419434e-01,-2.710030674934387207e-01
-1.824203729629516602e-01,1.664968580007553101e-01,2.806716263294219971e-01,-2.572878301143646240e-01
-1.984640657901763916e-01,1.537116765975952148e-01,2.715316414833068848e-01,-2.192317694425582886e-01
-1.990586668252944946e-01,1.688013076782226562e-01,2.466000765562057495e-01,-2.086675763130187988e-01
-2.030340433120727539e-01,2.019657045602798462e-01,2.818474173545837402e-01,-2.728259265422821045e-01
-2.423256635665893555e-01,1.429518908262252808e-01,3.615518212318420410e-01,-2.617443501949310303e-01
-1.860700249671936035e-01,1.949331164360046387e-01,2.189466059207916260e-01,-2.191639840602874756e-01
-2.121815234422683716e-01,2.588590085506439209e-01,2.332822233438491821e-01,-2.701947987079620361e-01
-2.498490214347839355e-01,1.688496768474578857e-01,2.849810123443603516e-01,-1.967198103666305542e-01
-1.939561218023300171e-01,2.049892991781234741e-01,2.389861941337585449e-01,-2.401745915412902832e-01
-1.703849136829376221e-01,1.479707509279251099e-01,2.723650932312011719e-01,-2.432075142860412598e-01
-2.251904755830764771e-01,2.042998969554901123e-01,2.536109089851379395e-01,-2.245981544256210327e-01
-2.000313699245452881e-01,4.203631579875946045e-01,-5.012755095958709717e-02,-1.793806105852127075e-01
-2.315749228000640869e-01,4.974884986877441406e-01,-1.362188607454299927e-01,-1.546465456485748291e-01
-2.475477159023284912e-01,-1.099310964345932007e-01,4.432331323623657227e-01,-1.081412583589553833e-01
-2.157964408397674561e-01,1.364687532186508179e-01,3.727358877658843994e-01,-2.928685545921325684e-01
-2.070386111736297607e-01,1.861241310834884644e-01,2.557732462882995605e-01,-2.267589122056961060e-01
-2.627149522304534912e-01,1.934156417846679688e-01,2.970089912414550781e-01,-2.201769798994064331e-01
-2.177268415689468384e-01,1.650426685810089111e-01,3.034214675426483154e-01,-2.447515130043029785e-01
-2.196558117866516113e-01,2.894903719425201416e-01,1.619577705860137939e-01,-2.226124405860900879e-01
-2.006913721561431885e-01,-2.503747045993804932e-01,5.896566510200500488e-01,-2.137099206447601318e-01
-1.536914259195327759e-01,6.033365726470947266e-01,-2.394258677959442139e-01,-2.735363841056823730e-01
-1.890496164560317993e-01,3.835842311382293701e-01,1.064812112599611282e-02,-2.066773921251296997e-01
-2.012223899364471436e-01,1.757146269083023071e-01,2.427659928798675537e-01,-2.094880193471908569e-01
-1.939295530319213867e-01,1.723278760910034180e-01,2.532006800174713135e-01,-2.233854830265045166e-01
-1.985803991556167603e-01,1.498143076896667480e-01,2.980209887027740479e-01,-2.430630773305892944e-01
-1.624275296926498413e-01,5.905253291130065918e-01,-2.186501622200012207e-01,-2.677955627441406250e-01
-1.831632107496261597e-01,6.145210862159729004e-01,-2.090247869491577148e-01,-2.914421558380126953e-01
-1.695121824741363525e-01,5.852526426315307617e-01,-2.187290191650390625e-01,-2.530030310153961182e-01
-1.849997937679290771e-01,5.918759107589721680e-01,-2.132999747991561890e-01,-2.521020770072937012e-01
-1.750418841838836670e-01,5.725364089012145996e-01,-1.982159316539764404e-01,-2.500363290309906006e-01
-2.035159617662429810e-01,2.070272713899612427e-01,2.759346067905426025e-01,-2.713861465454101562e-01
-1.792063415050506592e-01,1.933872699737548828e-01,2.637413442134857178e-01,-2.695967853069305420e-01
-1.810049563646316528e-01,1.493532955646514893e-01,2.688604295253753662e-01,-2.296767532825469971e-01
-2.053072303533554077e-01,1.990494877099990845e-01,2.589086294174194336e-01,-2.428556829690933228e-01
-2.169580459594726562e-01,2.607344985008239746e-01,2.149608433246612549e-01,-2.496387362480163574e-01
-1.837351173162460327e-01,5.114318728446960449e-01,-1.501394808292388916e-01,-2.075678855180740356e-01
-2.178612202405929565e-01,4.871424436569213867e-01,-4.978770762681961060e-02,-2.417784631252288818e-01
-2.286467552185058594e-01,1.943849921226501465e-01,2.391824275255203247e-01,-1.959263086318969727e-01
-1.708450019359588623e-01,1.541533321142196655e-01,2.608466148376464844e-01,-2.365196645259857178e-01
-2.492132782936096191e-01,1.788954734802246094e-01,3.090089857578277588e-01,-2.324772030115127563e-01
-2.284200638532638550e-01,-1.026895865797996521e-01,5.106682777404785156e-01,-2.210170924663543701e-01
-2.060628384351730347e-01,-8.518807590007781982e-02,4.948114454746246338e-01,-2.391843795776367188e-01
-1.964036673307418823e-01,-8.376601338386535645e-02,4.610320329666137695e-01,-2.089888155460357666e-01
-2.182859927415847778e-01,2.010325193405151367e-01,2.408520579338073730e-01,-2.149294465780258179e-01
-2.122270315885543823e-01,1.863566786050796509e-01,2.885469794273376465e-01,-2.553223669528961182e-01
-2.041445970535278320e-01,1.976465731859207153e-01,2.676938772201538086e-01,-2.519845068454742432e-01
-1.849542707204818726e-01,2.072560787200927734e-01,2.109307646751403809e-01,-2.232094109058380127e-01
-1.853287965059280396e-01,2.089380770921707153e-01,2.441527992486953735e-01,-2.575673460960388184e-01
-1.941194683313369751e-01,1.746235489845275879e-01,2.725426256656646729e-01,-2.451221048831939697e-01
-2.029310315847396851e-01,1.824473738670349121e-01,2.744596600532531738e-01,-2.458096891641616821e-01
-2.097333073616027832e-01,2.049880027770996094e-01,2.890925109386444092e-01,-2.755015492439270020e-01
-1.976013779640197754e-01,1.810876429080963135e-01,2.502415776252746582e-01,-2.263659238815307617e-01
-2.023288756608963013e-01,1.732185631990432739e-01,2.394714057445526123e-01,-2.020791023969650269e-01
-1.644035428762435913e-01,1.740428358316421509e-01,2.191885858774185181e-01,-2.198470979928970337e-01
-1.822707653045654297e-01,1.619135588407516479e-01,2.970742285251617432e-01,-2.701932191848754883e-01
-1.685461699962615967e-01,1.816506385803222656e-01,2.596822381019592285e-01,-2.643540501594543457e-01
-1.924664527177810669e-01,1.899154335260391235e-01,2.410921007394790649e-01,-2.305528521537780762e-01
-2.057104259729385376e-01,2.796054482460021973e-01,1.223069950938224792e-01,-1.866231262683868408e-01
-1.891945451498031616e-01,3.731077611446380615e-01,6.532283872365951538e-02,-2.481271624565124512e-01
-1.717098653316497803e-01,1.957685947418212891e-01,2.551136910915374756e-01,-2.699786722660064697e-01
-2.098605334758758545e-01,2.312135100364685059e-01,2.378587871789932251e-01,-2.500368356704711914e-01
-2.516906261444091797e-01,2.265583723783493042e-01,2.745760679244995117e-01,-2.408136129379272461e-01
-1.700244247913360596e-01,1.930792480707168579e-01,2.034397423267364502e-01,-2.168591767549514771e-01
-2.134810984134674072e-01,2.033346742391586304e-01,2.472686469554901123e-01,-2.274727225303649902e-01
-2.251199781894683838e-01,2.101175487041473389e-01,2.549736499786376953e-01,-2.321987152099609375e-01
-2.155540138483047485e-01,2.092013210058212280e-01,2.632347941398620605e-01,-2.477700561285018921e-01
-1.589923202991485596e-01,4.237580895423889160e-01,-3.950168844312429428e-03,-2.676163017749786377e-01
-2.425720095634460449e-01,2.180090844631195068e-01,2.804311811923980713e-01,-2.481052428483963013e-01
-1.849876940250396729e-01,2.363498955965042114e-01,2.489661723375320435e-01,-2.892129123210906982e-01
-1.846091896295547485e-01,1.424185335636138916e-01,2.771977186203002930e-01,-2.280126810073852539e-01
-2.209159880876541138e-01,1.804933547973632812e-01,2.622466981410980225e-01,-2.152015268802642822e-01
-2.022902220487594604e-01,2.332223504781723022e-01,2.256759554147720337e-01,-2.472579926252365112e-01
-2.336719632148742676e-01,2.241649329662322998e-01,2.380182296037673950e-01,-2.199803590774536133e-01
-2.015852183103561401e-01,2.143519222736358643e-01,2.750460803508758545e-01,-2.790962457656860352e-01
-1.775777935981750488e-01,-5.683496594429016113e-02,4.743943214416503906e-01,-2.681108713150024414e-01
-2.077262103557586670e-01,-2.234043926000595093e-01,6.042580604553222656e-01,-2.541088163852691650e-01
-2.307001799345016479e-01,1.693699508905410767e-01,2.760933637619018555e-01,-2.082508653402328491e-01
-1.962629407644271851e-01,1.865008026361465454e-01,2.610156536102294922e-01,-2.420393377542495728e-01
-1.626148670911788940e-01,1.899963617324829102e-01,2.482732683420181274e-01,-2.664150297641754150e-01
-2.310010939836502075e-01,1.808099746704101562e-01,2.465484589338302612e-01,-1.883968114852905273e-01
-2.365639954805374146e-01,1.893649846315383911e-01,2.789800167083740234e-01,-2.237347364425659180e-01
-1.532078683376312256e-01,-9.262689948081970215e-02,1.391397714614868164e-01,1.138014122843742371e-01
-2.110556513071060181e-01,-1.510932594537734985e-01,2.327395826578140259e-01,1.350055187940597534e-01
-2.063865661621093750e-01,3.594594299793243408e-01,-1.412685811519622803e-01,-1.064492762088775635e-02
-1.932882666587829590e-01,3.075981736183166504e-01,-1.018779948353767395e-01,-7.413965649902820587e-03
-1.227507963776588440e-01,4.326267912983894348e-02,-4.404792189598083496e-02,1.343955695629119873e-01
-1.122146695852279663e-01,-8.228790760040283203e-02,-9.941077791154384613e-03,2.113520503044128418e-01
-1.392261683940887451e-01,-6.086033210158348083e-02,9.180011227726936340e-03,1.985548138618469238e-01
-1.071570068597793579e-01,-2.471552044153213501e-02,-2.712132409214973450e-02,1.669101119041442871e-01
-1.326851248741149902e-01,-7.388089597225189209e-02,-1.730223000049591064e-02,2.293511629104614258e-01
-8.605145663022994995e-02,-3.279963508248329163e-02,-5.385116487741470337e-02,1.800344437360763550e-01
-1.379500925540924072e-01,-2.090275287628173828e-02,-3.666161373257637024e-02,2.033620923757553101e-01
-1.076992005109786987e-01,-5.772459506988525391e-02,1.215561525896191597e-03,1.726271957159042358e-01
-1.320477426052093506e-01,-5.028377473354339600e-02,-8.339884690940380096e-03,1.990987956523895264e-01
-7.252695411443710327e-02,-5.239541456103324890e-02,-3.683713078498840332e-02,1.684749573469161987e-01
-1.456045955419540405e-01,-6.728301942348480225e-02,-3.323397040367126465e-02,2.501138746738433838e-01
-1.135685071349143982e-01,-2.076111175119876862e-02,-1.512187812477350235e-02,1.576411277055740356e-01
-1.327999383211135864e-01,-5.379759147763252258e-02,-4.196234419941902161e-02,2.338248193264007568e-01
-8.075554668903350830e-02,-5.938455462455749512e-02,-4.661820083856582642e-02,1.931949555873870850e-01
-1.405315399169921875e-01,-5.841249972581863403e-02,-2.734179049730300903e-02,2.328070551156997681e-01
-1.256248801946640015e-01,-5.970870330929756165e-02,5.547246430069208145e-03,1.878938674926757812e-01
-1.026486977934837341e-01,-7.050345838069915771e-02,-3.566422313451766968e-02,2.145471870899200439e-01
-1.592632383108139038e-01,-3.273094072937965393e-02,-1.925249956548213959e-02,2.191572338342666626e-01
-1.509597599506378174e-01,-5.647537484765052795e-02,5.588167812675237656e-03,2.090492695569992065e-01
-1.099039167165756226e-01,-4.854639619588851929e-02,-9.090585634112358093e-03,1.753218621015548706e-01
-1.502316892147064209e-01,-5.594046786427497864e-02,-2.385242609307169914e-03,2.162032723426818848e-01
-1.268461048603057861e-01,-2.217694744467735291e-02,-1.621380820870399475e-02,1.746517419815063477e-01
-1.336812376976013184e-01,-7.989575713872909546e-02,9.751445613801479340e-03,2.099096179008483887e-01
-8.474321663379669189e-02,-3.622554242610931396e-02,-4.013228043913841248e-02,1.688938587903976440e-01
-1.191019713878631592e-01,-7.996787130832672119e-02,2.607307769358158112e-02,1.795258969068527222e-01
-1.403764933347702026e-01,-2.001868747174739838e-02,7.740237750113010406e-03,1.611050516366958618e-01
-9.039186686277389526e-02,-5.219807103276252747e-02,-3.486632928252220154e-02,1.840471476316452026e-01
-1.340075433254241943e-01,-1.554174697957932949e-03,-8.537068963050842285e-03,1.527587473392486572e-01
-1.356927305459976196e-01,-5.994050949811935425e-02,-4.048636183142662048e-02,2.406768053770065308e-01
-1.306128948926925659e-01,-6.964455544948577881e-02,6.905866321176290512e-03,1.998733580112457275e-01
-1.374340951442718506e-01,-6.530272774398326874e-03,-5.785686150193214417e-02,2.097077965736389160e-01
-1.241714432835578918e-01,-4.829009622335433960e-02,-2.646683342754840851e-02,2.049842923879623413e-01
-1.583907008171081543e-01,-6.599263846874237061e-02,-3.192119300365447998e-02,2.606845796108245850e-01
-1.337088793516159058e-01,-7.255485653877258301e-02,-4.655617754906415939e-03,2.180926948785781860e-01
-1.020067185163497925e-01,-8.127805590629577637e-02,-4.086574167013168335e-02,2.294537723064422607e-01
-1.149557828903198242e-01,-4.306428506970405579e-02,-1.119139511138200760e-02,1.778868585824966431e-01
-8.330076187849044800e-02,-1.688218489289283752e-02,-4.834124445915222168e-02,1.568305790424346924e-01
-1.531461179256439209e-01,-3.410769999027252197e-02,3.338521346449851990e-02,1.616860032081604004e-01
-1.358686238527297974e-01,-3.636503964662551880e-02,-2.249928191304206848e-02,2.019995748996734619e-01
-8.646243065595626831e-02,-6.182441487908363342e-02,-4.005795717239379883e-02,1.944698989391326904e-01
-1.365870237350463867e-01,-3.221796825528144836e-02,-1.568426191806793213e-02,1.912539899349212646e-01
-1.102687790989875793e-01,-3.443932905793190002e-02,-1.149836089462041855e-02,1.632187217473983765e-01
-1.343419104814529419e-01,-6.003361567854881287e-02,1.813854277133941650e-02,1.830115169286727905e-01
-1.214423254132270813e-01,-2.056824788451194763e-02,-4.727309569716453552e-03,1.550485938787460327e-01
-1.109565570950508118e-01,1.317200809717178345e-02,2.284193225204944611e-02,8.385214954614639282e-02
-8.746441453695297241e-02,8.128839544951915741e-03,-4.782134667038917542e-02,1.364654004573822021e-01
-1.416781544685363770e-01,-1.542009267723187804e-04,-1.525369193404912949e-02,1.660589575767517090e-01
-9.581182897090911865e-02,-5.522908270359039307e-02,-1.584917865693569183e-02,1.745680719614028931e-01
-1.209986656904220581e-01,-4.663252457976341248e-02,6.182528100907802582e-03,1.683895587921142578e-01
-1.402289122343063354e-01,2.510169893503189087e-02,-2.188885211944580078e-02,1.464541554450988770e-01
-1.339477002620697021e-01,-3.512731194496154785e-02,-2.165748551487922668e-02,1.987031251192092896e-01
-1.056570187211036682e-01,-1.580879464745521545e-02,-1.748349331319332123e-02,1.475040018558502197e-01
-1.140856519341468811e-01,-4.172504693269729614e-02,-1.602956652641296387e-02,1.801103353500366211e-01
-1.009220778942108154e-01,-9.974811971187591553e-02,2.032786421477794647e-02,1.874470114707946777e-01
-1.040424555540084839e-01,-4.644678533077239990e-02,-1.679247990250587463e-02,1.745855063199996948e-01
-1.172212660312652588e-01,-4.214153811335563660e-02,-9.958831593394279480e-03,1.779588013887405396e-01
-9.548962861299514771e-02,-2.974645607173442841e-02,-6.730787456035614014e-02,2.004148960113525391e-01
-1.201879978179931641e-01,-2.127476595342159271e-02,-2.622541226446628571e-02,1.760068237781524658e-01
-1.317557096481323242e-01,-5.603399127721786499e-02,1.175664216279983521e-01,7.959495484828948975e-02
-1.911584734916687012e-01,-1.152451261878013611e-01,1.718989312648773193e-01,1.424937844276428223e-01
-1.634551435708999634e-01,-1.087918207049369812e-01,2.157729864120483398e-01,6.180444732308387756e-02
-2.010711878538131714e-01,-1.159765496850013733e-01,2.018438577651977539e-01,1.222216188907623291e-01
-1.206556931138038635e-01,-3.199632465839385986e-02,-2.472382597625255585e-02,1.855583786964416504e-01
-1.568326056003570557e-01,-6.086690351366996765e-02,2.263742312788963318e-02,2.018580138683319092e-01
-1.625960320234298706e-01,-8.885328471660614014e-02,3.710583597421646118e-02,2.204928994178771973e-01
-1.166332662105560303e-01,-1.857484132051467896e-02,-1.256188098341226578e-02,1.573211699724197388e-01
-1.748256236314773560e-01,-2.071892321109771729e-01,8.147016912698745728e-02,3.013111352920532227e-01
-1.911267638206481934e-01,9.197432547807693481e-02,-5.139407888054847717e-02,1.624679863452911377e-01
-1.881941854953765869e-01,1.052059680223464966e-01,-7.059828937053680420e-02,1.654831618070602417e-01
-1.572563797235488892e-01,5.700593069195747375e-02,-6.411971151828765869e-02,1.743623018264770508e-01
-1.797941327095031738e-01,-1.931140869855880737e-01,3.881508857011795044e-02,3.334225118160247803e-01
-8.295286446809768677e-02,-8.075059205293655396e-02,-5.167911946773529053e-02,2.209672033786773682e-01
-1.261609345674514771e-01,1.786929927766323090e-02,-1.517017651349306107e-02,1.335413306951522827e-01
4.458268731832504272e-02,3.963288962841033936e-01,-1.997032612562179565e-01,-2.432500272989273071e-01
7.332760095596313477e-02,4.237092137336730957e-01,-2.569519579410552979e-01,-2.425879240036010742e-01
-9.537295997142791748e-02,2.718878909945487976e-02,-3.349995985627174377e-02,1.119171008467674255e-01
-1.664184480905532837e-01,-6.730869412422180176e-02,-1.126446947455406189e-02,2.507690787315368652e-01
-1.347106397151947021e-01,-6.591218709945678711e-02,3.221034421585500240e-04,2.075342684984207153e-01
-1.126344650983810425e-01,-2.630865573883056641e-02,-5.618787836283445358e-03,1.540307998657226562e-01
-1.649000495672225952e-01,-4.834673367440700531e-03,-3.697100281715393066e-02,2.140161991119384766e-01
-1.299052834510803223e-01,-5.992028489708900452e-02,3.691697493195533752e-03,1.930233687162399292e-01
-1.525330990552902222e-01,-3.026736667379736900e-03,-4.264512285590171814e-02,2.065894454717636108e-01
-1.804398596286773682e-01,-1.667087897658348083e-03,-2.471917308866977692e-02,2.152688354253768921e-01
-1.136851906776428223e-01,-3.917615860700607300e-02,-2.057125605642795563e-02,1.819895356893539429e-01
-1.564311832189559937e-01,-8.124477416276931763e-02,5.987303797155618668e-03,2.371639609336853027e-01
-9.443204849958419800e-02,-6.397732347249984741e-02,-5.738515034317970276e-02,2.215776443481445312e-01
-1.189725100994110107e-01,-3.612702712416648865e-02,-3.670356422662734985e-02,1.981699168682098389e-01
-3.953145071864128113e-02,1.283372640609741211e-01,-9.499201178550720215e-02,1.634228788316249847e-02
-1.416816115379333496e-01,-3.870677575469017029e-02,-3.485924378037452698e-02,2.211946249008178711e-01
-1.127585843205451965e-01,-2.314061671495437622e-02,-2.141559496521949768e-02,1.654496192932128906e-01
-8.981378376483917236e-02,-2.807023189961910248e-02,-2.677231281995773315e-02,1.532043963670730591e-01
-1.191681846976280212e-01,-8.556055277585983276e-02,-5.288130138069391251e-03,2.159028947353363037e-01
-1.400974839925765991e-01,-6.794784963130950928e-02,1.990299113094806671e-02,1.948591619729995728e-01
-1.519431322813034058e-01,-3.449260070919990540e-02,2.381598204374313354e-02,1.709488630294799805e-01
-1.750411987304687500e-01,-5.795143544673919678e-02,2.288012020289897919e-02,2.180965244770050049e-01
-8.624536544084548950e-02,-6.811677664518356323e-02,-3.345035389065742493e-02,1.948176026344299316e-01
-9.070939570665359497e-02,-9.958380460739135742e-02,-4.583807289600372314e-02,2.406946271657943726e-01
-1.512276381254196167e-01,-3.625591844320297241e-02,-3.884308040142059326e-02,2.324501425027847290e-01
-1.559846699237823486e-01,-2.572184801101684570e-02,-7.320716045796871185e-03,1.971440464258193970e-01
-1.435373276472091675e-01,-5.424621328711509705e-02,-2.014015242457389832e-02,2.240837514400482178e-01
-1.092464551329612732e-01,-1.139217428863048553e-02,-1.331969164311885834e-02,1.432340890169143677e-01
-6.711962819099426270e-02,1.227408722043037415e-01,-9.005252271890640259e-02,4.444545879960060120e-02
7.009494304656982422e-02,4.376147985458374023e-01,-2.508310973644256592e-01,-2.616190612316131592e-01
-1.020169034600257874e-01,-2.950566075742244720e-02,-4.350000992417335510e-03,1.449208259582519531e-01
-1.312315315008163452e-01,-3.467875719070434570e-02,1.429831236600875854e-02,1.604292690753936768e-01
-1.196663901209831238e-01,-1.016712412238121033e-01,1.433025300502777100e-02,2.132710367441177368e-01
-1.556516289710998535e-01,-2.307836264371871948e-01,8.917641639709472656e-02,2.998700141906738281e-01
-1.416720598936080933e-01,-2.454595863819122314e-01,1.416248977184295654e-01,2.511558830738067627e-01
-1.371777355670928955e-01,-2.495015412569046021e-01,1.285334527492523193e-01,2.634268999099731445e-01
-1.350930333137512207e-01,-2.625839412212371826e-01,1.091415211558341980e-01,2.925768792629241943e-01
-1.646421849727630615e-01,-2.677419781684875488e-01,1.434356272220611572e-01,2.925786674022674561e-01
-2.101195901632308960e-01,-2.474470436573028564e-01,1.093884855508804321e-01,3.471823632717132568e-01
-1.907601803541183472e-01,-2.318685203790664673e-01,9.819451719522476196e-02,3.253598511219024658e-01
-1.839482635259628296e-01,-2.571099102497100830e-01,8.419561386108398438e-02,3.546141386032104492e-01
-1.961594223976135254e-01,-2.266087532043457031e-01,1.700766980648040771e-01,2.574536502361297607e-01
-1.423386484384536743e-01,-2.645929753780364990e-01,1.031079068779945374e-01,3.067056834697723389e-01
-2.013876736164093018e-01,-2.449644207954406738e-01,1.257487535476684570e-01,3.222582340240478516e-01
-1.599152088165283203e-01,-2.440071254968643188e-01,1.721881330013275146e-01,2.374551743268966675e-01
-1.878636777400970459e-01,-1.977971196174621582e-01,9.731229394674301147e-02,2.910413742065429688e-01
-1.722232550382614136e-01,-2.602615058422088623e-01,1.561566144227981567e-01,2.799416482448577881e-01
2.928926050662994385e-01,1.616086959838867188e-01,-2.516196966171264648e-01,-1.930989921092987061e-01
2.957461178302764893e-01,1.762083768844604492e-01,-2.213524729013442993e-01,-2.414024919271469116e-01
-1.914977580308914185e-01,-2.572307586669921875e-01,1.687639206647872925e-01,2.844266295433044434e-01
-1.764265596866607666e-01,-2.379151284694671631e-01,1.183538585901260376e-01,2.977237105369567871e-01
-1.932716220617294312e-01,-2.500215768814086914e-01,1.346934586763381958e-01,3.106365799903869629e-01
-1.552314907312393188e-01,-2.017457187175750732e-01,1.011964231729507446e-01,2.601615190505981445e-01
-1.575214564800262451e-01,-2.591071426868438721e-01,1.641109585762023926e-01,2.579266428947448730e-01
-1.656928807497024536e-01,-2.123825699090957642e-01,1.046191602945327759e-01,2.769228518009185791e-01
-1.638844013214111328e-01,-2.558476328849792480e-01,1.209768503904342651e-01,3.023108839988708496e-01
-1.368760019540786743e-01,-2.747598588466644287e-01,1.770856976509094238e-01,2.408850938081741333e-01
-1.254646778106689453e-01,-2.650142610073089600e-01,1.452890187501907349e-01,2.512682080268859863e-01
-2.200728654861450195e-01,-2.156381011009216309e-01,1.297844946384429932e-01,3.088234364986419678e-01
-1.563450545072555542e-01,-2.433384209871292114e-01,9.542728960514068604e-02,3.066578805446624756e-01
-2.162866294384002686e-01,-2.370498180389404297e-01,1.051781922578811646e-01,3.478768467903137207e-01
-1.520929932594299316e-01,-2.520073056221008301e-01,1.350743025541305542e-01,2.739503383636474609e-01
-1.979597210884094238e-01,-2.330496162176132202e-01,1.563041508197784424e-01,2.785995602607727051e-01
-1.307270526885986328e-01,-2.218050807714462280e-01,8.671779930591583252e-02,2.700020670890808105e-01
-1.284483671188354492e-01,-2.696197032928466797e-01,1.436880379915237427e-01,2.600280046463012695e-01
-1.713104844093322754e-01,-2.406186908483505249e-01,1.455885469913482666e-01,2.702230811119079590e-01
-1.835154145956039429e-01,-2.764450311660766602e-01,1.741429269313812256e-01,2.903226017951965332e-01
-1.733906716108322144e-01,-2.172515243291854858e-01,1.396396756172180176e-01,2.563538253307342529e-01
-2.013644278049468994e-01,-2.619267404079437256e-01,1.718176305294036865e-01,2.953100502490997314e-01
-1.256012916564941406e-01,-2.824859917163848877e-01,8.467881381511688232e-02,3.253935873508453369e-01
-1.333619207143783569e-01,-1.502312272787094116e-01,8.452522009611129761e-02,2.061869949102401733e-01
-2.001580744981765747e-01,-2.034471780061721802e-01,1.485205888748168945e-01,2.594868242740631104e-01
-1.521910727024078369e-01,-2.898393273353576660e-01,1.478954404592514038e-01,2.993818223476409912e-01
-1.433743685483932495e-01,-2.728382050991058350e-01,1.245392262935638428e-01,2.961571812629699707e-01
-1.412596553564071655e-01,-2.592056691646575928e-01,1.288408339023590088e-01,2.757813334465026855e-01
-2.243421375751495361e-01,-2.357074320316314697e-01,1.320559680461883545e-01,3.294762074947357178e-01
-1.299776583909988403e-01,-2.661379575729370117e-01,1.217970997095108032e-01,2.788392901420593262e-01
-1.556867361068725586e-01,-2.187874913215637207e-01,6.495980173349380493e-02,3.112406134605407715e-01
-1.855655163526535034e-01,-2.277684062719345093e-01,1.386798918247222900e-01,2.791209816932678223e-01
-2.144949883222579956e-01,-2.033049166202545166e-01,1.276958882808685303e-01,2.936658561229705811e-01
-1.555736511945724487e-01,-2.509565949440002441e-01,8.374156802892684937e-02,3.235484063625335693e-01
-1.742664873600006104e-01,-2.337454855442047119e-01,1.173909604549407959e-01,2.934458851814270020e-01
-1.962301880121231079e-01,-2.501733005046844482e-01,1.437266767024993896e-01,3.056769967079162598e-01
-1.100239679217338562e-01,-2.392959147691726685e-01,9.255801141262054443e-02,2.615573704242706299e-01
-1.947392225265502930e-01,-2.262216657400131226e-01,9.348098188638687134e-02,3.276122510433197021e-01
-1.733175963163375854e-01,-2.434786856174468994e-01,1.161511167883872986e-01,3.037222325801849365e-01
-1.168202236294746399e-01,-2.703923285007476807e-01,1.081774756312370300e-01,2.829618453979492188e-01
-1.364280134439468384e-01,-2.774653136730194092e-01,1.659124046564102173e-01,2.543618977069854736e-01
-1.034395247697830200e-01,-2.202556133270263672e-01,1.077955514192581177e-01,2.219595909118652344e-01
2.398843616247177124e-01,2.278535366058349609e-01,-2.100497037172317505e-01,-2.471536248922348022e-01
3.177445530891418457e-01,1.997663974761962891e-01,-2.105604857206344604e-01,-2.967779934406280518e-01
3.040196895599365234e-01,1.519242227077484131e-01,-1.940683424472808838e-01,-2.546734213829040527e-01
-1.324580758810043335e-01,-2.630305290222167969e-01,1.611788123846054077e-01,2.407753765583038330e-01
-1.717741489410400391e-01,-2.443241328001022339e-01,1.628502160310745239e-01,2.582681179046630859e-01
-1.898520737886428833e-01,-2.110369205474853516e-01,1.179625317454338074e-01,2.869896590709686279e-01
-1.898872852325439453e-01,-2.163871973752975464e-01,1.612512320280075073e-01,2.505369782447814941e-01
-1.365526914596557617e-01,-2.953415513038635254e-01,1.268206685781478882e-01,3.096742331981658936e-01
-1.498375385999679565e-01,-2.234269380569458008e-01,1.159325540065765381e-01,2.620933055877685547e-01
-1.638334393501281738e-01,-2.737791538238525391e-01,1.498048901557922363e-01,2.922599911689758301e-01
-1.630300581455230713e-01,-2.331387400627136230e-01,1.158060431480407715e-01,2.848028242588043213e-01
-1.859302520751953125e-01,-2.518496215343475342e-01,1.244298070669174194e-01,3.160955607891082764e-01
-1.285349875688552856e-01,-2.803617119789123535e-01,1.102794110774993896e-01,3.025808632373809814e-01
-1.896859258413314819e-01,-2.505904734134674072e-01,1.436320245265960693e-01,2.994109690189361572e-01
-1.667410731315612793e-01,-2.726390063762664795e-01,1.495649963617324829e-01,2.948197126388549805e-01
-1.368318647146224976e-01,-2.294911742210388184e-01,9.092755615711212158e-02,2.794828414916992188e-01
-1.689151078462600708e-01,-2.294206172227859497e-01,9.680894762277603149e-02,3.039714097976684570e-01
-2.001295834779739380e-01,-2.331738173961639404e-01,1.390295028686523438e-01,2.983216941356658936e-01
-1.892358660697937012e-01,-2.003369778394699097e-01,1.224397942423820496e-01,2.711586654186248779e-01
-1.842980533838272095e-01,-2.427473217248916626e-01,1.125391721725463867e-01,3.155058324337005615e-01
-1.908115148544311523e-01,-2.319998145103454590e-01,1.497751027345657349e-01,2.767338752746582031e-01
-1.593811064958572388e-01,-2.811854779720306396e-01,1.631497889757156372e-01,2.830782830715179443e-01
-1.775068193674087524e-01,-2.310744971036911011e-01,1.505904048681259155e-01,2.615828216075897217e-01
-1.382832974195480347e-01,-2.735769450664520264e-01,1.480128914117813110e-01,2.696170806884765625e-01
-1.632988899946212769e-01,-2.407701760530471802e-01,1.418177336454391479e-01,2.672260701656341553e-01
-1.325538605451583862e-01,-2.293180376291275024e-01,1.306215077638626099e-01,2.368248552083969116e-01
-1.159053072333335876e-01,-2.004098892211914062e-01,1.850099563598632812e-01,1.377000063657760620e-01
-1.482221782207489014e-01,-2.647856175899505615e-01,1.219271048903465271e-01,2.952037453651428223e-01
-1.787872612476348877e-01,-2.465979903936386108e-01,1.556286662817001343e-01,2.742016613483428955e-01
-1.702101081609725952e-01,-1.956759542226791382e-01,8.792856335639953613e-02,2.810533046722412109e-01
-1.858619451522827148e-01,-2.085441350936889648e-01,1.075151786208152771e-01,2.903915941715240479e-01
-1.901363432407379150e-01,-2.218326181173324585e-01,2.561503946781158447e-01,1.597565412521362305e-01
-1.540773659944534302e-01,-2.712484598159790039e-01,1.591041833162307739e-01,2.720325589179992676e-01
-1.563130021095275879e-01,-2.150378227233886719e-01,8.175665885210037231e-02,2.925598621368408203e-01
-1.560073792934417725e-01,-2.344574630260467529e-01,1.202744096517562866e-01,2.746903896331787109e-01
-1.838118880987167358e-01,-2.434850633144378662e-01,1.443594247102737427e-01,2.877117395401000977e-01
-1.796006113290786743e-01,-2.350704818964004517e-01,1.586178541183471680e-01,2.598691582679748535e-01
-1.779730468988418579e-01,-2.487611323595046997e-01,1.771164387464523315e-01,2.547551095485687256e-01
-1.725151538848876953e-01,-2.114952355623245239e-01,1.395456492900848389e-01,2.486553341150283813e-01
-1.938454508781433105e-01,-2.651245594024658203e-01,1.418866664171218872e-01,3.195638954639434814e-01
-1.921726465225219727e-01,-2.599409222602844238e-01,1.230364292860031128e-01,3.296195268630981445e-01
-1.306959241628646851e-01,-2.777827084064483643e-01,1.189095452427864075e-01,2.940629720687866211e-01
-1.981794238090515137e-01,-2.090805470943450928e-01,1.161858737468719482e-01,2.944515943527221680e-01
-1.245980262756347656e-01,-2.350790202617645264e-01,1.091810986399650574e-01,2.557179033756256104e-01
-1.207546144723892212e-01,-2.360083609819412231e-01,1.019881591200828552e-01,2.600141763687133789e-01
-1.921334564685821533e-01,-2.299153208732604980e-01,1.032012403011322021e-01,3.203414380550384521e-01
-1.616790443658828735e-01,-2.641160190105438232e-01,1.632003337144851685e-01,2.679568529129028320e-01
-2.093677967786788940e-01,-2.135850340127944946e-01,1.298943161964416504e-01,2.965378761291503906e-01
-1.452871859073638916e-01,-2.243420183658599854e-01,1.063173711299896240e-01,2.679746448993682861e-01
-1.878545731306076050e-01,-2.359816431999206543e-01,1.489336341619491577e-01,2.800567746162414551e-01
-1.570429503917694092e-01,-2.583232223987579346e-01,1.004884764552116394e-01,3.166881203651428223e-01
-1.659261733293533325e-01,-2.137485295534133911e-01,1.180391907691955566e-01,2.666905522346496582e-01
-1.613190323114395142e-01,-2.347365468740463257e-01,1.564733088016510010e-01,2.446927428245544434e-01
-1.540943831205368042e-01,-2.534621655941009521e-01,1.033536046743392944e-01,3.070917129516601562e-01
5.840677618980407715e-01,-1.936762034893035889e-01,-2.131491601467132568e-01,-2.450722306966781616e-01
5.197762250900268555e-01,-1.880790144205093384e-01,-1.849620640277862549e-01,-1.897970736026763916e-01
1.769206821918487549e-01,-2.102278918027877808e-01,8.418296277523040771e-02,-4.548005387187004089e-02
1.281587872654199600e-02,-1.144122853875160217e-01,2.087968289852142334e-01,-1.036993786692619324e-01
-1.858591288328170776e-01,2.671243548393249512e-01,4.091562330722808838e-02,-1.148496121168136597e-01
-9.036662429571151733e-02,-2.665544301271438599e-02,1.580514907836914062e-01,-3.515596687793731689e-02
2.056643962860107422e-01,-2.216666191816329956e-01,7.170785218477249146e-02,-4.946900159120559692e-02
1.647229492664337158e-01,-1.975976526737213135e-01,7.402575761079788208e-02,-3.538446500897407532e-02
2.384957969188690186e-01,-2.361112236976623535e-01,5.432338267564773560e-02,-5.104652792215347290e-02
-1.685049086809158325e-01,-2.207459211349487305e-01,2.833723127841949463e-01,1.078274771571159363e-01
1.827621459960937500e-01,-1.980170309543609619e-01,6.948792189359664917e-02,-4.922493547201156616e-02
1.651283949613571167e-01,-2.473112791776657104e-01,8.361545205116271973e-02,6.369272712618112564e-03
2.837470471858978271e-01,-2.712569236755371094e-01,6.944933533668518066e-02,-7.859869301319122314e-02
2.927623391151428223e-01,-2.265716493129730225e-01,9.164937585592269897e-02,-1.577182263135910034e-01
2.047673016786575317e-01,-2.663766443729400635e-01,9.973145276308059692e-02,-3.014720417559146881e-02
1.502910703420639038e-01,-2.514491677284240723e-01,1.147526502609252930e-01,-5.158213898539543152e-03
1.706939786672592163e-01,-2.484693080186843872e-01,1.111210435628890991e-01,-2.538048475980758667e-02
-5.744788795709609985e-03,-2.247307300567626953e-01,1.903797388076782227e-01,4.660478979349136353e-02
1.188891008496284485e-01,-2.569687366485595703e-01,1.051155999302864075e-01,4.264243319630622864e-02
1.986773759126663208e-01,-2.377250790596008301e-01,5.141275376081466675e-02,-5.751344375312328339e-03
2.279326617717742920e-01,-2.482838481664657593e-01,3.177138417959213257e-02,-5.127541255205869675e-03
2.287578135728836060e-01,-2.528634369373321533e-01,1.321538537740707397e-01,-1.025487110018730164e-01
1.921224147081375122e-01,-2.397685497999191284e-01,1.257687062025070190e-01,-7.153110206127166748e-02
2.460620403289794922e-01,-2.158682644367218018e-01,1.255473941564559937e-01,-1.518408507108688354e-01
2.113211750984191895e-01,-2.179169654846191406e-01,5.713521316647529602e-02,-4.574095830321311951e-02
1.814882606267929077e-01,-1.942849904298782349e-01,7.792253047227859497e-02,-6.037387251853942871e-02
1.818679571151733398e-01,-2.415740191936492920e-01,1.190579757094383240e-01,-5.168285220861434937e-02
1.398094445466995239e-01,-2.140232920646667480e-01,1.070007979869842529e-01,-2.526097185909748077e-02
2.276600152254104614e-01,-2.448275834321975708e-01,6.725437939167022705e-02,-4.533175751566886902e-02
1.921495944261550903e-01,-2.137950956821441650e-01,7.907801121473312378e-02,-5.006837472319602966e-02
2.146181911230087280e-01,-2.400174438953399658e-01,1.075007990002632141e-01,-7.648525387048721313e-02
2.132624089717864990e-01,-1.982494294643402100e-01,6.933677941560745239e-02,-8.009956777095794678e-02
3.728867769241333008e-01,-2.131470292806625366e-01,-5.260203406214714050e-02,-1.170373857021331787e-01
2.342716157436370850e-01,-2.745395600795745850e-01,8.172672241926193237e-02,-3.420217335224151611e-02
2.159993797540664673e-01,-2.090212404727935791e-01,6.383717805147171021e-02,-6.583305448293685913e-02
1.673420965671539307e-01,-2.182674407958984375e-01,5.639822036027908325e-02,1.368685625493526459e-03
1.976832598447799683e-01,-2.215698659420013428e-01,6.904385238885879517e-02,-3.994219005107879639e-02
1.265920996665954590e-01,-2.053565233945846558e-01,1.361570209264755249e-01,-5.063474178314208984e-02
1.794379055500030518e-01,-2.684127390384674072e-01,9.944589436054229736e-02,-8.153242524713277817e-04
1.649454981088638306e-01,-1.974008381366729736e-01,1.011312380433082581e-01,-6.219026818871498108e-02
2.295741736888885498e-01,-2.760501503944396973e-01,7.492626458406448364e-02,-2.060311660170555115e-02
2.018480747938156128e-01,-2.458382397890090942e-01,8.860005438327789307e-02,-3.632644191384315491e-02
2.325873076915740967e-01,-2.813903689384460449e-01,1.153059229254722595e-01,-5.897765606641769409e-02
1.447458714246749878e-01,-2.424411475658416748e-01,1.372729539871215820e-01,-3.225340694189071655e-02
2.029069811105728149e-01,-2.560203969478607178e-01,9.962770342826843262e-02,-3.984039276838302612e-02
2.359920889139175415e-01,-2.538490593433380127e-01,8.406081795692443848e-02,-6.099981814622879028e-02
2.307224720716476440e-01,-2.055327892303466797e-01,5.369048938155174255e-02,-7.476180046796798706e-02
1.911193877458572388e-01,-2.666540145874023438e-01,1.431925594806671143e-01,-6.017631292343139648e-02
2.019360512495040894e-01,-2.413230538368225098e-01,6.871710717678070068e-02,-2.343608066439628601e-02
1.950268745422363281e-01,-2.332303673028945923e-01,6.282031536102294922e-02,-1.718017272651195526e-02
1.679920405149459839e-01,-2.449289411306381226e-01,7.228797674179077148e-02,1.277497690171003342e-02
1.930454373359680176e-01,-2.261118888854980469e-01,5.629786476492881775e-02,-1.571001298725605011e-02
1.569424718618392944e-01,-2.458864450454711914e-01,1.305008679628372192e-01,-3.426868095993995667e-02
1.741784811019897461e-01,-2.169311046600341797e-01,9.453959017992019653e-02,-4.534486681222915649e-02
2.283903360366821289e-01,-2.175059318542480469e-01,5.512040480971336365e-02,-6.205286458134651184e-02
2.088611423969268799e-01,-2.671938240528106689e-01,6.948546320199966431e-02,-2.929701237007975578e-03
1.880600154399871826e-01,-2.461077272891998291e-01,9.992538392543792725e-02,-3.407697007060050964e-02
1.710356175899505615e-01,-2.418825626373291016e-01,6.672322005033493042e-02,1.160681154578924179e-02
2.429654598236083984e-01,-2.551327943801879883e-01,5.637073144316673279e-02,-3.883992508053779602e-02
1.955979168415069580e-01,-2.496135383844375610e-01,1.038074716925621033e-01,-4.344473406672477722e-02
1.603632867336273193e-01,-2.388829737901687622e-01,1.140079796314239502e-01,-2.697436697781085968e-02
2.080988138914108276e-01,-2.262456268072128296e-01,5.881155282258987427e-02,-3.422489389777183533e-02
1.662111133337020874e-01,-1.698545813560485840e-01,7.725372165441513062e-02,-6.845464557409286499e-02
1.984754502773284912e-01,-2.475559413433074951e-01,7.177694886922836304e-02,-1.480409130454063416e-02
1.439655870199203491e-01,-2.113144099712371826e-01,1.236332505941390991e-01,-4.862340539693832397e-02
1.951257139444351196e-01,-2.415682524442672729e-01,5.730529874563217163e-02,-3.919543698430061340e-03
1.892946809530258179e-01,-1.981714814901351929e-01,7.969299703836441040e-02,-6.462891399860382080e-02
2.109118402004241943e-01,-1.878441274166107178e-01,6.368015706539154053e-02,-8.197633177042007446e-02
2.287167757749557495e-01,-2.483601123094558716e-01,4.828542470932006836e-02,-2.231279574334621429e-02
2.036895751953125000e-01,-2.515933811664581299e-01,6.626377254724502563e-02,-1.094560511410236359e-02
2.334970682859420776e-01,-2.613232135772705078e-01,7.463334500789642334e-02,-4.065950587391853333e-02
2.000988721847534180e-01,-2.476201653480529785e-01,7.493443787097930908e-02,-2.082997746765613556e-02
2.410476207733154297e-01,-2.689918577671051025e-01,6.977683305740356445e-02,-3.534397482872009277e-02
2.150338739156723022e-01,-2.772333920001983643e-01,1.037640497088432312e-01,-3.252531960606575012e-02
2.241503745317459106e-01,-2.360103428363800049e-01,3.983269259333610535e-02,-2.227686345577239990e-02
1.848344951868057251e-01,-2.300488501787185669e-01,5.554703623056411743e-02,-3.207858651876449585e-03
1.907403171062469482e-01,-2.213232815265655518e-01,7.784453034400939941e-02,-4.105741903185844421e-02
1.550167500972747803e-01,-2.125851809978485107e-01,8.703391253948211670e-02,-2.139263227581977844e-02
2.355571985244750977e-01,-2.666579186916351318e-01,7.004941999912261963e-02,-3.209221363067626953e-02
2.145152240991592407e-01,-2.406534254550933838e-01,9.708046168088912964e-02,-6.444336473941802979e-02
2.151302993297576904e-01,-2.057469934225082397e-01,8.053511381149291992e-02,-8.485903590917587280e-02
1.513336896896362305e-01,-2.113811969757080078e-01,6.604115664958953857e-02,1.438773004338145256e-03
2.167183756828308105e-01,-2.353835403919219971e-01,9.422270208597183228e-02,-7.062662392854690552e-02
2.332770377397537231e-01,-2.774342596530914307e-01,6.314596533775329590e-02,-1.115129701793193817e-02
2.001318186521530151e-01,-2.179732620716094971e-01,1.075620725750923157e-01,-8.391918987035751343e-02
2.311482131481170654e-01,-2.002746313810348511e-01,2.000707015395164490e-02,-4.621089622378349304e-02
2.176105976104736328e-01,-1.994853317737579346e-01,7.453512400388717651e-02,-8.820101618766784668e-02
2.275571227073669434e-02,-2.463114708662033081e-01,2.213609367609024048e-01,8.194344118237495422e-03
1.350004374980926514e-01,-2.324437648057937622e-01,1.249344050884246826e-01,-1.921699382364749908e-02
1.680556684732437134e-01,-2.237783521413803101e-01,9.033424407243728638e-02,-2.795472554862499237e-02
1.653338819742202759e-01,-2.109505385160446167e-01,8.227507770061492920e-02,-3.000112436711788177e-02
1.936524808406829834e-01,-2.352049350738525391e-01,6.671371310949325562e-02,-1.737053878605365753e-02
1.743030846118927002e-01,-2.095528841018676758e-01,8.645969629287719727e-02,-4.578679427504539490e-02
1.625666916370391846e-01,-2.012429982423782349e-01,6.499904394149780273e-02,-1.958334073424339294e-02
2.011927515268325806e-01,-2.658487856388092041e-01,9.865636378526687622e-02,-2.660002186894416809e-02
1.671964675188064575e-01,-2.316858321428298950e-01,1.194329634308815002e-01,-4.770845174789428711e-02
1.662402749061584473e-01,-2.324909418821334839e-01,1.121516153216362000e-01,-3.806138038635253906e-02
1.919661462306976318e-01,-2.501984536647796631e-01,1.109941750764846802e-01,-4.526240378618240356e-02
1.768065541982650757e-01,-2.094256430864334106e-01,9.394111484289169312e-02,-5.477353185415267944e-02
2.049757987260818481e-01,-2.473087012767791748e-01,4.821576178073883057e-02,9.499635198153555393e-04
1.972448229789733887e-01,-2.079927176237106323e-01,7.006219774484634399e-02,-5.435333028435707092e-02
2.011707574129104614e-01,-2.507545351982116699e-01,8.751182258129119873e-02,-3.013661876320838928e-02
1.786978542804718018e-01,-2.113267332315444946e-01,5.928225442767143250e-02,-2.004558779299259186e-02
2.219621092081069946e-01,-2.600017786026000977e-01,1.103379651904106140e-01,-6.597733497619628906e-02
3.733812272548675537e-01,-2.260392010211944580e-01,-3.644441440701484680e-02,-1.198483556509017944e-01
1.613651067018508911e-01,-2.201764583587646484e-01,1.012556552886962891e-01,-3.506200388073921204e-02
2.391181737184524536e-01,-2.559279501438140869e-01,7.050427049398422241e-02,-4.857410117983818054e-02
2.039238661527633667e-01,-2.525323033332824707e-01,8.767796307802200317e-02,-3.194867819547653198e-02
1.640895158052444458e-01,-2.072739899158477783e-01,8.762226253747940063e-02,-3.713391721248626709e-02
2.203545570373535156e-01,-2.788278758525848389e-01,1.032504290342330933e-01,-3.661004453897476196e-02
5.876839160919189453e-01,-1.810746490955352783e-01,-2.204096168279647827e-01,-2.539548277854919434e-01
5.753440856933593750e-01,-2.292042821645736694e-01,-2.173622995615005493e-01,-1.926247775554656982e-01
2.083851695060729980e-01,-2.163539528846740723e-01,-2.124221175909042358e-01,2.262368798255920410e-01
2.033257484436035156e-01,-2.429296076297760010e-01,-1.669851690530776978e-01,2.132586538791656494e-01
2.502653002738952637e-01,-1.858926266431808472e-01,-2.396456152200698853e-01,1.824508160352706909e-01
2.125378549098968506e-01,-2.246538102626800537e-01,-2.067784368991851807e-01,2.259169816970825195e-01
2.468650788068771362e-01,-2.742949426174163818e-01,-2.081740796566009521e-01,2.424771636724472046e-01
2.501991689205169678e-01,-2.322859019041061401e-01,-2.458920478820800781e-01,2.348873168230056763e-01
2.371691167354583740e-01,-1.953664273023605347e-01,-1.997411847114562988e-01,1.648509353399276733e-01
2.240265458822250366e-01,-2.172268927097320557e-01,-1.745323538780212402e-01,1.751768290996551514e-01
3.361756205558776855e-01,-2.158568948507308960e-01,-1.770343184471130371e-01,5.514986440539360046e-02
2.369825094938278198e-01,-2.176121473312377930e-01,-2.378723025321960449e-01,2.259362787008285522e-01
2.084936499595642090e-01,-1.909629851579666138e-01,-2.156012654304504395e-01,2.056762576103210449e-01
2.316891402006149292e-01,-2.200381755828857422e-01,-1.853913366794586182e-01,1.806923300027847290e-01
2.502769529819488525e-01,-2.496292442083358765e-01,-1.973837614059448242e-01,2.024433016777038574e-01
2.274181246757507324e-01,-2.347504198551177979e-01,-2.177426218986511230e-01,2.320163100957870483e-01
2.002740502357482910e-01,-2.742741405963897705e-01,-1.628683358430862427e-01,2.441635280847549438e-01
2.060857713222503662e-01,-2.560048699378967285e-01,-1.579765081405639648e-01,2.150063961744308472e-01
2.363978773355484009e-01,-2.178713381290435791e-01,-1.941963881254196167e-01,1.830554157495498657e-01
2.317535430192947388e-01,-1.805259585380554199e-01,-2.341878414154052734e-01,1.904818564653396606e-01
2.669301927089691162e-01,-2.446640431880950928e-01,-1.756813228130340576e-01,1.586931794881820679e-01
2.070109099149703979e-01,-2.090160250663757324e-01,-2.356209158897399902e-01,2.450967580080032349e-01
1.687943786382675171e-01,-2.041368782520294189e-01,-1.920707970857620239e-01,2.347553074359893799e-01
2.539873123168945312e-01,-2.395614087581634521e-01,-2.009587287902832031e-01,1.922294646501541138e-01
2.262422889471054077e-01,-2.194234132766723633e-01,-1.569880545139312744e-01,1.568960100412368774e-01
2.107692360877990723e-01,-2.321400046348571777e-01,-2.005615979433059692e-01,2.291280776262283325e-01
2.426359802484512329e-01,-2.163971513509750366e-01,-2.405493855476379395e-01,2.213223427534103394e-01
3.373337984085083008e-01,-2.311417609453201294e-01,-2.005192935466766357e-01,9.307104349136352539e-02
5.374776721000671387e-01,-1.956965029239654541e-01,-2.156738191843032837e-01,-1.743238270282745361e-01
2.323612868785858154e-01,-2.108444124460220337e-01,-2.111130356788635254e-01,1.967420428991317749e-01
1.892969608306884766e-01,-1.751903146505355835e-01,-2.098714262247085571e-01,2.032388746738433838e-01
2.317299991846084595e-01,-2.595335245132446289e-01,-1.724297106266021729e-01,2.074909806251525879e-01
2.206615060567855835e-01,-2.459752410650253296e-01,-1.702605038881301880e-01,2.024138867855072021e-01
2.616866827011108398e-01,-1.948019564151763916e-01,-2.289800047874450684e-01,1.686583757400512695e-01
2.140628993511199951e-01,-2.266899794340133667e-01,-1.898742169141769409e-01,2.085868418216705322e-01
2.142065167427062988e-01,-2.174332737922668457e-01,-2.195710986852645874e-01,2.294016778469085693e-01
2.490906119346618652e-01,-2.073104381561279297e-01,-2.204712629318237305e-01,1.862862855195999146e-01
2.449287772178649902e-01,-2.322303354740142822e-01,-1.938117295503616333e-01,1.886058300733566284e-01
2.169868201017379761e-01,-2.689957618713378906e-01,-1.804124265909194946e-01,2.399236708879470825e-01
2.582000792026519775e-01,-2.249671965837478638e-01,-2.106801569461822510e-01,1.831669360399246216e-01
1.989889144897460938e-01,-2.300715893507003784e-01,-1.935876011848449707e-01,2.326206266880035400e-01
1.917522400617599487e-01,-2.493676096200942993e-01,-1.559991240501403809e-01,2.203723192214965820e-01
2.451429814100265503e-01,-2.221293002367019653e-01,-2.219247967004776001e-01,2.051746696233749390e-01
2.086877077817916870e-01,-1.900361329317092896e-01,-2.382348179817199707e-01,2.272066324949264526e-01
2.385196834802627563e-01,-2.534351646900177002e-01,-1.823075562715530396e-01,2.040051817893981934e-01
2.438574880361557007e-01,-2.717444002628326416e-01,-2.016758173704147339e-01,2.365817725658416748e-01
2.417734712362289429e-01,-2.015278786420822144e-01,-2.271665632724761963e-01,1.946174949407577515e-01
2.377151846885681152e-01,-2.510807514190673828e-01,-2.161118239164352417e-01,2.368701398372650146e-01
2.562283575534820557e-01,-2.374691516160964966e-01,-2.186929881572723389e-01,2.053459137678146362e-01
-3.673274070024490356e-02,-1.641730666160583496e-01,-1.984778195619583130e-01,3.905936479568481445e-01
-2.081336379051208496e-01,9.775011241436004639e-02,-2.190736979246139526e-01,3.343780040740966797e-01
-1.785454601049423218e-01,5.425563082098960876e-02,-2.187971621751785278e-01,3.465907275676727295e-01
-1.574754863977432251e-01,6.323647685348987579e-03,-2.333592325448989868e-01,3.817346394062042236e-01
-1.020088493824005127e-01,-2.420044988393783569e-01,-1.853677481412887573e-01,4.969162344932556152e-01
2.093681991100311279e-01,-1.987965553998947144e-01,-2.153526097536087036e-01,2.122842520475387573e-01
2.343289256095886230e-01,-2.008217871189117432e-01,-2.427137196063995361e-01,2.173767089843750000e-01
1.952946335077285767e-01,-2.359194606542587280e-01,-2.073831856250762939e-01,2.547780871391296387e-01
2.149568647146224976e-01,-2.766768634319305420e-01,-1.923419535160064697e-01,2.608851492404937744e-01
2.426980137825012207e-01,-2.555185556411743164e-01,-1.944461911916732788e-01,2.131379544734954834e-01
2.322246581315994263e-01,-2.201285511255264282e-01,-2.001536041498184204e-01,1.962005496025085449e-01
2.457444369792938232e-01,-2.084405124187469482e-01,-2.461834847927093506e-01,2.164268046617507935e-01
2.073474973440170288e-01,-2.096398472785949707e-01,-2.180468589067459106e-01,2.285510152578353882e-01
2.226313054561614990e-01,-2.295126914978027344e-01,-1.818093210458755493e-01,1.964038759469985962e-01
1.992259323596954346e-01,-2.079418003559112549e-01,-2.097933739423751831e-01,2.246876060962677002e-01
1.890035420656204224e-01,-2.489104866981506348e-01,-1.849108487367630005e-01,2.519916296005249023e-01
2.140128910541534424e-01,-2.053583562374114990e-01,-1.883607655763626099e-01,1.875463277101516724e-01
2.467249333858489990e-01,-2.480075508356094360e-01,-1.853338778018951416e-01,1.934619992971420288e-01
2.266985476016998291e-01,-1.939186900854110718e-01,-2.273623794317245483e-01,2.025142759084701538e-01
2.435329854488372803e-01,-2.274475693702697754e-01,-2.002059966325759888e-01,1.915631741285324097e-01
1.748927384614944458e-01,-1.995946317911148071e-01,-1.831522136926651001e-01,2.151262462139129639e-01
2.313053458929061890e-01,-2.510054111480712891e-01,-1.732465922832489014e-01,2.001842409372329712e-01
5.245146751403808594e-01,-2.315917909145355225e-01,-2.419305145740509033e-01,-9.340932965278625488e-02
2.949128150939941406e-01,-2.087879478931427002e-01,-2.276124060153961182e-01,1.462178677320480347e-01
1.912209540605545044e-01,-1.931163668632507324e-01,-2.230262011289596558e-01,2.326028198003768921e-01
2.079024314880371094e-01,-1.873307377099990845e-01,-2.075415253639221191e-01,1.944268047809600830e-01
2.231912910938262939e-01,-2.265311777591705322e-01,-2.472604960203170776e-01,2.576315701007843018e-01
2.485523372888565063e-01,-2.524008154869079590e-01,-2.219732403755187988e-01,2.331093698740005493e-01
2.365712076425552368e-01,-2.444157004356384277e-01,-1.979629993438720703e-01,2.137570679187774658e-01
2.172433584928512573e-01,-2.227115035057067871e-01,-2.068525999784469604e-01,2.199797481298446655e-01
2.529130578041076660e-01,-2.552836835384368896e-01,-1.865393966436386108e-01,1.960819512605667114e-01
1.941550970077514648e-01,-2.145574837923049927e-01,-1.645688414573669434e-01,1.919866055250167847e-01
1.860698908567428589e-01,-2.060498297214508057e-01,-2.111301720142364502e-01,2.385304868221282959e-01
2.753184139728546143e-01,-2.500934600830078125e-01,-2.276982367038726807e-01,2.086366117000579834e-01
3.020656704902648926e-01,-2.356407493352890015e-01,-2.168617397546768188e-01,1.536011695861816406e-01
2.921488583087921143e-01,-2.283549606800079346e-01,-1.871864199638366699e-01,1.272927671670913696e-01
2.712458968162536621e-01,-2.122900336980819702e-01,-2.113155126571655273e-01,1.579833328723907471e-01
2.405667304992675781e-01,-2.385241240262985229e-01,-2.015781700611114502e-01,2.060803025960922241e-01
2.156661003828048706e-01,-2.071593999862670898e-01,-2.053374946117401123e-01,2.046051025390625000e-01
1.786581128835678101e-01,-2.327657192945480347e-01,-1.737936586141586304e-01,2.350708991289138794e-01
2.022871822118759155e-01,-2.159666270017623901e-01,-2.205570787191390991e-01,2.416333258152008057e-01
2.222346067428588867e-01,-2.279384583234786987e-01,-1.827117055654525757e-01,1.960210055112838745e-01
2.559453547000885010e-01,-2.243820279836654663e-01,-2.528981268405914307e-01,2.278278917074203491e-01
2.263122349977493286e-01,-2.402674555778503418e-01,-2.165329009294509888e-01,2.368750423192977905e-01
2.050920575857162476e-01,-2.091201096773147583e-01,-1.878665834665298462e-01,1.985767483711242676e-01
1.957635581493377686e-01,-2.399615496397018433e-01,-1.780893951654434204e-01,2.298392802476882935e-01
2.316770702600479126e-01,-2.326921969652175903e-01,-2.376229166984558105e-01,2.451714277267456055e-01
1.937895417213439941e-01,-2.171163260936737061e-01,-2.311684489250183105e-01,2.607421875000000000e-01
2.216649800539016724e-01,-2.655665278434753418e-01,-1.651624441146850586e-01,2.163994014263153076e-01
1.865854412317276001e-01,-2.238828390836715698e-01,-1.899473518133163452e-01,2.332593500614166260e-01
2.009459286928176880e-01,-2.369940727949142456e-01,-2.214774489402770996e-01,2.635195255279541016e-01
1.966661512851715088e-01,-2.470559626817703247e-01,-2.232504487037658691e-01,2.790289223194122314e-01
2.496912479400634766e-01,-2.128831744194030762e-01,-2.297833412885665894e-01,1.997268050909042358e-01
1.611053943634033203e-01,-2.102290093898773193e-01,-1.792142838239669800e-01,2.359995245933532715e-01
2.088990062475204468e-01,-2.409565299749374390e-01,-2.276756465435028076e-01,2.657826244831085205e-01
1.394466310739517212e-01,-2.894310355186462402e-01,-1.757030040025711060e-01,3.296363353729248047e-01
2.657236456871032715e-01,-2.590662837028503418e-01,-2.041399776935577393e-01,2.031319290399551392e-01
2.362587749958038330e-01,-2.410956025123596191e-01,-1.911807358264923096e-01,2.030960917472839355e-01
2.173024564981460571e-01,-1.679870635271072388e-01,-2.214203625917434692e-01,1.794322729110717773e-01
2.652449607849121094e-01,-2.360792756080627441e-01,-2.141710370779037476e-01,1.912922710180282593e-01
4.687164425849914551e-01,-2.038920223712921143e-01,-2.332831323146820068e-01,-5.786931514739990234e-02
